source_id,am1_oid,parallax,parallax_error,ra,dec,phot_g_mean_mag,pmra,pmra_error,pmdec,pmdec_error,ang_sep
4829790406249501824,1,10.376780959313677,0.010612224,58.614749360843376,-49.50956286710546,11.261509,22.877459414654886,0.012849589,42.330594469759426,0.015262119,2.474369086843359E-4
4829789959572906624,2,2.3677205090948052,0.025379123,58.587309335787765,-49.54308024123051,11.224359,-2.4833464200495237,0.030515527,-3.859713989990156,0.03715954,6.486483818390087E-5
4829779308054012032,3,2.3259918247296407,0.009062089,58.70660457495713,-49.69837491215376,12.124516,45.068214437278996,0.010360874,15.646925934255439,0.01222578,2.5777342111854123E-4
4829786042562727808,4,1.604990376402693,0.011855652,58.72228809729073,-49.60768099813542,12.306946,12.760953389915542,0.014188679,26.943219384357093,0.016584238,1.0381194106999805E-4
4829772676624494080,5,1.3087618809477815,0.0123434225,58.94014878249975,-49.702069052467344,12.712309,-2.838590758116531,0.0154630905,-9.12395576090115,0.01685942,7.896408005141267E-5
4829787893692204672,6,1.9050157140034474,0.010676661,58.85104681076778,-49.54642477185214,12.680985,4.700036432218664,0.011984274,12.543125557117563,0.015324844,8.281170203011376E-5
4829786042562727808,7,1.604990376402693,0.011855652,58.72228809729073,-49.60768099813542,12.306946,12.760953389915542,0.014188679,26.943219384357093,0.016584238,2.318691300807349E-4
4829773982294556160,8,1.672918776129573,0.0111568915,58.806047908067036,-49.63359604538046,12.988036,7.955812861080885,0.012572636,19.23369197172171,0.015400968,1.0690195510405295E-4
4829788241585973760,9,1.6479953088776869,0.0096701225,58.80920057923282,-49.510389133282736,13.031084,11.332843271020321,0.011344272,23.56987684619009,0.013828161,1.7231857076951195E-4
4829790303170285568,11,0.731029565281312,0.011458872,58.645799848463426,-49.50524559643918,12.740995,3.1878703003305695,0.01306817,2.554903551499331,0.016400639,3.44787131510395E-5
4829773741776385536,15,2.331927565679098,0.009806737,58.87484593374419,-49.66451391347302,13.211283,7.613619651494327,0.011156085,-9.901709857373644,0.014548956,6.373041520611436E-5
4829788104147018496,23,0.5185581215420699,0.029299445,58.85269250440685,-49.50262521976702,13.612529,9.361643346676715,0.035010956,8.321206136647032,0.042164445,9.467989001036505E-5
4829786180001677824,65,0.5108554109569228,0.036576588,58.75665099222392,-49.579293690807546,13.646795,-2.2937390649019247,0.043008417,-11.919418791252117,0.050007984,6.769018917214501E-5
4829786626678283776,123,0.8798104068286596,0.017481415,58.634139602810514,-49.59570730685689,13.846214,6.670082992432178,0.02070019,7.252531539424911,0.02456311,3.354789443996479E-5
4829786626678283008,129,0.8252943997581157,0.012066144,58.64144152655067,-49.590199548621925,13.866659,12.717265811540871,0.014089877,-2.4520106868702136,0.017063657,4.6453691087216984E-5
4829776043878849792,140,1.0306691294300447,0.012153336,58.93528980198187,-49.54684841772674,13.821441,7.644310000611125,0.013800605,13.691755780373608,0.018515857,8.007796056522023E-5
4829787485671731200,149,3.2268176015132233,0.11790177,58.835752590984896,-49.575916725153625,13.717134,13.197554121134697,0.14201295,-7.451346139897627,0.16331641,1.01623768489586E-4
4829778998816369536,241,1.274605112871438,0.012040013,58.66682114584662,-49.725864959038034,14.055332,-0.13541270316334586,0.013683256,6.903251417983325,0.015942454,5.259292260771886E-5
4829788035427542016,291,,,58.869083457543205,-49.525944005578985,14.455308,,,,,5.035634555792904E-5
4829775940799634816,309,0.9204507777815067,0.030439297,58.93775886731009,-49.55855378185176,16.027935,17.37017771120663,0.033557847,13.241171380514128,0.043839265,2.1653161657753225E-4
4829790028292382464,312,1.1885097760490921,0.013051324,58.57941111808905,-49.52651296473473,14.246357,0.03112034723796442,0.015452435,3.8804121353283465,0.017321296,6.908977094990196E-5
4829785149209531392,318,0.7353989626672166,0.014421119,58.74762824115998,-49.68738653873519,14.497546,7.246342602619556,0.016491858,13.019122962798775,0.01919221,7.268851104238261E-5
4829787245153568384,325,1.3776488978190709,0.015032173,58.70567787150963,-49.52835886731962,14.523784,25.150921108206088,0.016859697,10.095080182374383,0.021489024,1.476800647702931E-4
4829783534301834496,342,1.0612403816927451,0.021251442,58.58660434621072,-49.62302284583906,14.872694,0.7584592552924949,0.026175443,12.33284566527988,0.03213032,6.548554812745467E-5
4829787829269116672,344,0.8336493679604163,0.01790956,58.7739510954781,-49.53056820662444,14.860952,19.023280936018217,0.020015297,9.742445690693362,0.02704937,1.3458927945222051E-4
4829767179066364416,345,0.7355408633858653,0.017078722,58.803571783688234,-49.74253486685579,14.884175,7.418337340935788,0.019465784,14.058612621923672,0.023109792,9.95583712575823E-5
4829776112598327680,352,0.6358148330846496,0.020279458,58.905144671524454,-49.55708717384015,15.007383,16.094191696493112,0.023155505,-1.5364223274970383,0.029397627,6.719825081226609E-5
4829775906439897600,353,0.5538860636699983,0.020464793,58.90701470378121,-49.56087645826633,15.114573,-1.133807399097646,0.02241154,8.184263692430093,0.029746367,5.1191649974471975E-5
4829773020221878912,357,0.9538775898649994,0.022657843,58.89402573487282,-49.66792079046264,15.340051,5.7600583833620576,0.025882218,-6.6836229348365235,0.034339182,3.350818680764595E-5
4829773363819269760,359,0.5477189748246678,0.026468733,58.787897959926646,-49.69281716922017,15.393589,1.1613179262546196,0.030181015,1.696087423938785,0.035971,1.1151110865489258E-5
4829772401746591872,364,0.3808317727904457,0.023638561,58.86749135829145,-49.72115703992407,15.636832,13.68493578077677,0.027489388,-0.21592842810069574,0.033228848,6.314098304712413E-5
4829773844855600512,365,0.47689476962017724,0.025042195,58.85855340188379,-49.639442369166815,15.651026,7.9767350470456515,0.027587052,5.360907615215688,0.036273528,5.366479094455464E-5
4829779239334534016,367,0.13267922303086882,0.024938617,58.731584782934014,-49.71307532404905,15.715658,1.5740701077988362,0.02812789,-4.80622908307908,0.032917224,2.5080932995605657E-5
4829787691830164480,368,0.6039347559163981,0.027986882,58.75933195602513,-49.55885219377651,15.712907,10.72913160719601,0.032354355,16.124504625984116,0.039863486,1.1873097518033759E-4
4829773673056911616,370,1.2836864285146825,0.028062366,58.83354395228418,-49.68029894090881,15.382998,12.412218244731047,0.03261017,-2.208109733138192,0.037312265,6.814112525103503E-5
4829786935915923712,371,0.3967061477662683,0.025619106,58.723494368753784,-49.56776739027871,15.712073,2.649030624250613,0.029677399,-0.6418448998515683,0.037825778,5.909452228811354E-6
4829788722622316160,373,0.9541053275304079,0.029303389,58.72117595289145,-49.520231492566765,15.766022,4.961295925655087,0.03299084,12.95556422207707,0.045139104,9.480612975918495E-5
4829775562842517248,374,0.37147674162138816,0.027359458,58.85642246277993,-49.59563434059232,15.895591,13.785209021431026,0.03281453,11.464147152114048,0.04067968,1.053083342468177E-4
4829785458447176576,375,1.0370602253497148,0.024384402,58.724542547446276,-49.655825620095264,15.7346325,11.733388838371923,0.027764795,3.412109739431983,0.03345996,6.111885214745902E-5
4829779789090404736,377,0.9034272117422468,0.026339065,58.62019998189568,-49.70477147983174,15.91464,14.645270910798992,0.028749915,5.732566402794436,0.03756182,1.0382485733694688E-4
4829774257172457472,378,0.6211575402754503,0.029582363,58.93988652582842,-49.66230233418192,15.990093,18.542796805545812,0.034742627,15.689647244595438,0.04368863,1.1108017379670943E-4
4829786111282584064,380,0.46019340101864353,0.029149119,58.76243195075161,-49.58568238676126,16.025,16.721127614301636,0.033815976,-4.522765338401776,0.041062,1.1037239623696923E-4
4829780682443548544,381,0.4365211123802281,0.028936606,58.60857816082126,-49.63247245505845,16.077648,8.076473983194484,0.034509495,-6.794473349509003,0.04262453,5.4328386286772635E-5
4829790303169150592,382,0.7312632804452136,0.055864275,58.644492015740106,-49.50523424122825,15.90934,3.617850736200919,0.060108647,2.1046415206542815,0.09576523,3.462589597634568E-5
4829779239334534528,383,0.3772195108842265,0.034367155,58.72743243836838,-49.717250696986,16.163342,3.2912053129430126,0.04016473,9.167933589151932,0.04660238,5.530696481022479E-5
4829773226380313856,385,0.4047942923683677,0.03765262,58.847278439876646,-49.70859471090874,16.478998,3.3557805331804573,0.043876596,6.665278666652245,0.051080722,4.652817953413428E-5
4829779892169568896,386,0.6400778307848385,0.036269754,58.61166865837262,-49.67919676156039,16.433487,7.803272056151918,0.039920866,6.327766782352376,0.05094867,6.767240324408366E-5
4829775940799634816,387,0.9204507777815067,0.030439297,58.93775886731009,-49.55855378185176,16.027935,17.37017771120663,0.033557847,13.241171380514128,0.043839265,1.1799960295665129E-4
4829778964456632064,389,0.5541865696275207,0.037077066,58.65720510928713,-49.731836001878925,16.492968,0.12121194652261363,0.045073327,1.155464051155274,0.048166234,2.4641912985231138E-5
4829780716803286272,390,1.669582248639666,0.03412898,58.62001546356062,-49.62462633504054,16.44393,5.61323128124009,0.040234756,6.994404950173002,0.04948877,3.84988719084566E-5
4829787863628852864,391,0.3954176217014183,0.04094267,58.79913104563999,-49.51859060839077,16.663055,1.2459675013933087,0.04592323,8.220091840087155,0.05670923,6.762112838498653E-5
4829779204974797952,392,0.954224383290599,0.039785363,58.690106492969974,-49.713027616983155,16.616404,10.451972061925783,0.043395814,7.833192534813806,0.05248827,6.892417803871763E-5
4829788172866496768,395,0.30522929162948864,0.047223058,58.81854334733611,-49.514142543069944,16.823301,4.089059078637357,0.05308297,2.6355485524618185,0.064413466,5.201911789931922E-5
4829785802044557312,396,0.62703606039517,0.04357234,58.76705040725705,-49.61235093750291,16.749826,7.461250921177683,0.047735367,-1.6176724430953566,0.055676024,5.831222850235493E-5
4829790200091070720,398,0.40340606102949417,0.043910682,58.63622555916443,-49.51405737602814,16.94796,3.467750491047126,0.053394306,-0.4902215816497768,0.06431513,1.9813972536769966E-5
4829786454879590528,400,0.46228386183000336,0.04376407,58.66744085452655,-49.60572469959115,16.88681,3.6277252272887903,0.053168684,2.612805185724953,0.06409684,8.665581748626311E-6
4829786867196448896,401,0.46329299117207423,0.04946032,58.69971433950754,-49.588713089531204,16.975916,15.318393229553815,0.054324437,-16.288360065869103,0.07148245,1.2181007870692336E-4
4829786523599446400,406,1.463586079276497,0.04634141,58.65616905017243,-49.61646159615617,16.957355,11.218389691395682,0.054459184,1.0159705998806883,0.06881291,4.136912935151227E-5
4829787623110687232,407,0.2916436675870284,0.05067301,58.77868554092971,-49.56390051768836,17.057236,4.516426459823364,0.059483886,4.544709729084107,0.07398097,4.747470652469108E-5
4829786386160112896,411,0.8277581560741326,0.051817995,58.69002045148899,-49.612177078359096,17.085878,4.236536005050067,0.058945753,10.12910725390984,0.077548005,4.108982733005739E-5
4829767522664128512,415,,,58.7599771022427,-49.72162470304503,17.569399,,,,,8.54586481762974E-5
4829779372477523456,416,0.6162301923306013,0.05354626,58.6736011236841,-49.71074507773657,17.238312,8.86760922657209,0.06402899,-6.433684672422646,0.0713937,5.1237388913794043E-5
4829786145641937536,419,0.7141920982247963,0.056015335,58.778155929080974,-49.57530657450085,17.28257,6.418172954913883,0.064286165,5.180550569306982,0.078866765,5.757135922021281E-5
4829780471989208576,426,0.9573951094215403,0.068874784,58.60476217795874,-49.658705074368015,17.604958,3.220545710280822,0.075218365,1.8301823119549945,0.10389534,2.5637225564997865E-5
4829775494123037952,430,0.2324493329904701,0.06990114,58.90493194163384,-49.59007337888659,17.524176,7.706923057959102,0.078930475,-2.48731068582369,0.10757328,2.618313369018707E-5
4829780265830765312,431,0.04821212187010022,0.06555371,58.61702207234792,-49.671450789952914,17.613003,3.166135049151881,0.07127125,-3.9051284561187365,0.095283635,2.9358616417856594E-5
4829772917142663936,433,0.6677702263203369,0.071952246,58.91150524832311,-49.693791592770026,17.564678,8.865725269687516,0.08369986,4.6000228508726995,0.10307743,4.5929538081720484E-5
4829778788361935360,435,0.7105638039094607,0.06557237,58.68388318991752,-49.73834180763665,17.589571,0.47129785217154563,0.07520948,8.167963956849801,0.08994507,6.44752910425764E-5
4829790127075848320,439,0.2043656572367465,0.07170281,58.64912633188118,-49.52945053732373,17.768656,14.656778511993451,0.084872395,-1.5055567430115244,0.10650877,5.289857061905078E-5
4829780678147672832,441,0.23440287413737027,0.06822612,58.60029785888668,-49.63029752584563,17.750364,14.008992563907592,0.08117982,4.662177895276843,0.10365938,7.391423372978994E-5
4829780403269732608,442,1.337770780463598,0.07506207,58.648595741436786,-49.658790586409964,17.866789,3.7707252441063526,0.08258275,5.6546545764544165,0.115464866,3.409677566545708E-5
4829786008201843072,443,-0.10785907386879943,0.07222698,58.7622610190173,-49.61233075859954,17.743052,0.4798265882885899,0.08063497,-0.3054732798039816,0.098225355,2.0251467103125686E-5
4829773496962302208,445,0.4705538322141361,0.07651674,58.80309023543434,-49.677817437332294,17.803034,7.637241459949609,0.08265997,7.027592228389995,0.10178413,5.226257067816857E-5
4829773531322044544,450,1.23940627181555,0.08915621,58.77878308450658,-49.67394219296063,17.958792,-8.199594740412236,0.09911531,-2.9834945212005257,0.12657794,5.432275640228235E-5
4829780609428174208,451,0.23588068283969033,0.07820318,58.62178525139421,-49.64721356164504,17.955326,9.573661505122686,0.08562457,3.0868644106619216,0.12587246,4.879664469480788E-5
4829799507284426880,455,0.11765987097184383,0.09360055,58.93413423138414,-49.52933663709771,17.957947,1.908382411363608,0.102412805,-1.32905753166002,0.13531137,3.953670810201329E-5
4829774566410102528,458,1.006086287443998,0.11146224,58.93201031069836,-49.64540770423,18.09632,18.390420386580537,0.124847144,14.621403036462645,0.1709694,1.051433362656802E-4
4829788580887633664,459,0.5135464609104098,0.095954455,58.77482013914288,-49.522000150233225,18.016249,-0.27696278182063583,0.10275025,1.7357064651291325,0.15113947,2.890944342601244E-5
4829786553662970624,462,0.6004460002635905,0.082736626,58.645344653143034,-49.60147949767553,18.015234,9.387344991269615,0.095239855,5.534621136585066,0.12602402,3.7814763347594845E-5
4829775356684086144,465,0.013482703332901427,0.095146164,58.881711854059176,-49.61196046659335,18.120693,3.861402314543909,0.10987412,-2.2482277709023233,0.13833854,2.6062211463719435E-5
4829779033176109440,468,0.9959253502930141,0.09928038,58.6415133772549,-49.71831688010487,18.273483,2.4450126290684664,0.111076996,-4.883659672656314,0.15052024,1.7902371981552825E-5
4829779028880120064,469,0.7220514560415829,0.0799112,58.63984056167468,-49.723748012055445,17.822489,1.1079814773036523,0.09039867,2.444701875468593,0.11548815,3.6240328069148445E-5
4829786003907160576,471,0.3493237411868897,0.09018298,58.74773294399472,-49.600750718526534,18.107836,4.529921400835676,0.10199684,-0.8540921439057965,0.12281583,3.190382488885903E-5
4829780510644857856,477,0.475057143433429,0.09565089,58.613990470851775,-49.65932244589733,18.287031,5.082370619147197,0.104993284,2.750052824926112,0.15003881,3.521289761997453E-5
4829788546527895552,478,0.5336889876899635,0.11622221,58.75151306012203,-49.51994221045751,18.299875,-2.366922586532908,0.121478714,-0.8143111939782346,0.19190773,1.439141608147598E-5
4829774459035004160,479,1.178550435122983,0.12333036,58.93121677424847,-49.65397302440583,18.510931,5.707592063339691,0.1338363,7.331976471634883,0.19127314,4.9339604454515435E-5
4829789646039468032,483,0.48107697969138447,0.09646829,58.60293888365535,-49.56464875187463,18.316374,8.913838557507601,0.11543634,7.399729866405526,0.14729612,4.8369620259620165E-5
4829779063239879936,485,0.020434413954253296,0.10301779,58.65096269324664,-49.708297457988614,18.35689,4.103938818963244,0.11465871,-2.167116228964765,0.15555562,2.1357981681398083E-5
4829773703120748672,488,0.06348771221425162,0.117769964,58.84422178317541,-49.66289494211441,18.458735,1.1603209458744628,0.13063839,5.640818242446501,0.17055161,2.4285247242099615E-5
4829785458447177088,494,0.8742721356086515,0.11435523,58.72307201051757,-49.66312016816582,18.457125,2.764629071596524,0.12030209,3.905585904729011,0.1561033,1.513986948757113E-5
4829773462602555904,496,0.16839670705172916,0.11382512,58.79292657214591,-49.68385154037877,18.444286,21.174796190854742,0.12407673,-8.641008045567224,0.16240996,1.3129265434759632E-4
4829780678147674496,501,0.9273407697644747,0.13778764,58.599034252318305,-49.627581632127736,18.851236,14.869457070569801,0.16232671,6.512765145266885,0.22357821,8.033301222961153E-5
4829779406837272576,507,1.0124439962780643,0.14355673,58.69543196216314,-49.70296685959021,18.842186,18.779292640186885,0.15268391,17.78918024481243,0.19084096,1.40688450869179E-4
4829790165731712896,511,0.3823454273800425,0.11377979,58.62092867916566,-49.531641612130315,18.500475,5.934796502676173,0.1401135,1.0886776767045605,0.17384602,1.879391561822574E-5
4829773256444113280,514,0.7523307863687185,0.14437753,58.807026453481406,-49.69589164905462,18.710863,4.26428431347911,0.16173752,3.4639911114930655,0.20712557,2.7067510759636462E-5
4829772878486999680,516,0.9328860046798261,0.15063334,58.873264724643576,-49.68857217503828,18.794783,8.953352265701463,0.16300702,11.538009126332982,0.23215336,8.267082459697305E-5
4829775833424627712,522,0.6512233001067689,0.17083624,58.92685025738922,-49.58283144864715,18.743477,6.881444850388905,0.17423542,0.38500162137523253,0.24083886,4.5371326409071985E-6
4829790367594021376,531,0.5179451228024823,0.12122235,58.61499551132425,-49.524729464962086,18.639486,16.167242361960803,0.15053128,-8.347659026549923,0.18628111,6.25590721984483E-5
4829774085373770624,534,1.3241779307359218,0.74392545,58.81669585441067,-49.63444074108529,19.282349,20.5964616159998,0.72107184,20.45284086109197,1.0010948,1.6669387223929925E-4
4829774085374174720,534,,,58.81649090136777,-49.63437095744965,19.551556,,,,,1.343439684601976E-4
4829780231471014144,539,0.9180673522344897,0.16154918,58.65261117610778,-49.68223609264843,18.93099,8.402443601170772,0.16048408,-12.446374588696848,0.23365575,8.025564930248856E-5
4829786691101944192,542,0.8567573954840814,0.16478813,58.674608024269645,-49.58597351003209,18.944407,13.287529388223255,0.20945382,6.47966655632699,0.25776234,5.84975756286552E-5
4829773359523312000,543,0.7472976434085115,0.15255024,58.794231658910824,-49.70944372175208,18.887867,1.6373336604757511,0.17338856,-5.406044014905008,0.22249955,2.553145608467112E-5
4829787726189902208,548,0.7531079404471873,0.15904678,58.76850036330028,-49.54219914683528,18.844568,4.244535765780978,0.17083795,5.619170674362673,0.25425863,5.180790654112059E-5
4829775627266179328,555,0.6750461238898963,0.1622194,58.83948982002883,-49.59816542111011,18.923117,8.578556385004019,0.1936527,-6.939695365941747,0.2321315,8.024761965474638E-5
4829773604337434368,558,0.13775904166556766,0.14357202,58.845230960752986,-49.68764784113233,18.856012,5.852064922004954,0.15702821,-4.757932433844619,0.20428258,3.517934280484102E-5
4829775421107738880,560,-0.03668125724092437,0.15465271,58.90307963690409,-49.60551618050397,18.87725,4.132466875412443,0.17631258,0.5973064820874383,0.23352848,1.120751959355646E-6
4829787623110686848,567,0.16966223751637527,0.15797828,58.79397054614822,-49.56901249552454,18.939009,3.6107697686092814,0.19188198,-0.8927131367916994,0.2285329,3.2045725455510825E-5
4829788168570781440,568,0.4274130243034695,0.18367499,58.82015925434554,-49.51600348733373,18.900604,22.94338561888325,0.20333666,0.9181797834946159,0.24600849,1.4671977329810468E-4
4829789959572906240,576,0.2766306518910577,0.18144536,58.586842126170204,-49.53843924309569,19.004463,8.725102365921899,0.2679145,2.99120638128396,0.26543805,2.926326004299223E-5
4829780368910007168,582,0.7687687450598828,0.17349854,58.669221875488546,-49.646055421700886,19.157501,3.4777532773438695,0.19602033,0.6585790494908501,0.2744088,1.7133854849224265E-5
4829780098327999488,584,0.20552217139833268,0.19163406,58.604909160275874,-49.67552766321565,19.272022,7.378259998048685,0.2182301,-1.6159885143650514,0.32740822,3.8358903820104446E-5
4829767380928808448,585,0.5585078533229618,0.18889898,58.732603586518934,-49.72845426196642,19.15717,4.8991514693853375,0.21833342,11.854263392925048,0.26979104,7.384323240695116E-5
4829785900827942400,588,0.34941397247990336,0.16846572,58.77654415359267,-49.602607879503964,19.01801,-0.5596536197005643,0.20572768,-0.007087535809123838,0.23648675,1.0329452704063803E-5
4829776108302574464,595,0.5065944613478225,0.20111527,58.89590640605177,-49.55080563597457,19.09089,7.666590186034174,0.20536834,-3.214882863609595,0.29225832,3.530397937267514E-5
4829773634401265152,597,0.36156644729669374,0.18231869,58.85673985279108,-49.66930017695253,19.135887,0.754615872408624,0.21276915,0.3503692648153137,0.27806982,9.861017723911654E-6
4829785969547394432,607,0.14098237536022984,0.18569751,58.75269011063049,-49.6215823918653,19.138401,0.031624924721884544,0.21403086,-0.12377931870326,0.25488013,2.2125648129324494E-5
4829788477808395648,609,0.40821116923663797,0.21837455,58.76143930606739,-49.54201476817156,19.252985,6.5903255823995925,0.23445474,-3.424261698574141,0.35184002,4.445010063024104E-5
4829786313144753792,617,0.4323200653461081,0.19011907,58.66360763652591,-49.63921817312196,19.267042,1.8837671850629603,0.21395814,-14.510708009418018,0.30863932,1.0328662838125777E-4
4829774493394732416,619,0.27832326991290973,0.23400593,58.907268927166676,-49.66316141753026,19.33359,3.134907123463052,0.31289122,7.599604274396303,0.32844582,5.023758842475511E-5
4829786003908551936,629,-0.16155736702634566,0.20237127,58.75854555531199,-49.6143189104841,19.170317,0.7269722041452342,0.22608468,-0.0077428515373183775,0.27533242,2.392001341413291E-5
4829767415288533888,633,0.9828557140134035,0.27212763,58.75178648939433,-49.73908247053797,19.668537,-5.966166109078759,0.32027122,10.637904556560615,0.39573592,8.719578319816017E-5
4829774218516804224,634,0.5547913921106891,0.2154635,58.938651260091405,-49.682242063242846,19.374283,1.8312940612673638,0.25850847,-0.7474961326133152,0.33884937,3.358936954072895E-5
4829778754002187520,637,-0.41650681596179234,0.20889854,58.67408234499634,-49.742506319900265,19.405495,2.154716862573211,0.24644998,-1.9577816172621612,0.2765748,2.420580472165921E-5
4829786970276043392,641,,,58.7324832217583,-49.555211825727724,20.727005,,,,,5.4976940358930084E-5
4829785900827934336,642,0.9603828838151823,0.30711547,58.77572206606377,-49.60876158020134,19.666563,5.931010992490091,0.35054457,-13.869664894795953,0.45147264,9.821907239919534E-5
4829779239333416320,643,0.9613967053006544,0.2516869,58.72757688463853,-49.717977962236446,19.542864,2.4016030163618263,0.32733482,9.08614197619115,0.33902213,5.723568253476469E-5
4829773874919440640,648,0.6102492182512498,0.2672914,58.82318792650459,-49.66250915755538,19.68503,5.3283229244921015,0.30543205,-6.8385471249790815,0.37001017,6.0859938786359856E-5
4829774424675249024,649,0.08946745113300167,0.2842462,58.91349975300573,-49.668568702318346,19.608427,5.169803700133322,0.3296589,-7.609648502118412,0.43366498,3.3076769052558466E-5
4829788752686336000,653,0.36455599513292924,0.29150018,58.71587480720367,-49.508905863289634,19.75038,3.7078213875495054,0.36474574,-0.4978941693206214,0.5075791,2.6336724630105686E-5
4829772191292169856,655,0.36945173322518854,0.3181958,58.90066069531731,-49.739160764965874,19.748861,3.7953451967706306,0.3564661,-1.8950876156828642,0.44695967,8.039758912123246E-6
4829790264514823936,656,0.21496944469100732,0.25068173,58.671729156679035,-49.50863509839852,19.518656,4.848453668878747,0.33779615,-1.4668658772093295,0.41019675,1.4477951990254108E-5
4829779376773866752,657,-0.07672304270957393,0.23648271,58.6684947790463,-49.71522291055927,19.599648,3.1614461995644705,0.286627,-4.374201709908037,0.32644394,2.0399940102863617E-5
4829779544276259456,671,0.41160804917861604,0.25883773,58.704702751649045,-49.672423138495226,19.636576,3.3596291058399936,0.28939837,-3.449607981680562,0.3794485,3.467648334326944E-5
4829785900827938944,676,-0.10632280266110818,0.27293232,58.776447477100064,-49.6055594834634,19.648,0.6472557202207347,0.32514417,0.690525811879029,0.41029406,1.7161030888552394E-5
4829779544276242048,680,-0.598183363918932,0.25390998,58.705106062225724,-49.68736775754327,19.704197,-0.3674550481159856,0.31269437,0.3822721680817408,0.35695472,6.3375499183238265E-6
4829772741048055424,689,-0.7461069006627785,0.33433136,58.92919595268179,-49.68266391757328,19.827068,1.8713161891704466,0.37560865,6.339933743543224,0.5363795,5.422247606936627E-5
4829790195795334016,691,-0.178729300572236,0.26611423,58.6432820909771,-49.52021943586029,19.802845,3.8905702782660834,0.32212093,-1.079678828406392,0.42495093,5.077839094305112E-6
4829790028292760192,692,,,58.58679143495135,-49.53707027215994,21.037357,,,,,1.5150268074157582E-4
4829773840559718784,696,0.5790093665212,0.33307058,58.86508570711591,-49.64715861478517,19.797667,2.698189394562009,0.36268482,-5.0234823622261695,0.49852943,3.249351262765623E-5
4829789955277131392,698,,,58.60062395416634,-49.55108085432556,20.514202,,,,,1.0006885224843588E-5
4829775352388248576,705,-0.5603095893320715,0.3353199,58.87494015313897,-49.614660324448586,19.915735,1.0774780671234552,0.38031596,-2.1871086208776696,0.5168783,2.108215153210234E-5
4829788099851308928,707,0.5948608181787629,0.39063734,58.86628489415503,-49.50894941961895,19.981054,16.03774653474411,0.43597072,-38.585251871697736,0.61509496,2.2611009581283115E-4
4829786454878466176,708,-0.13701604948900659,0.31006536,58.673536848862696,-49.600126009841624,19.845264,-2.1714661239743567,0.34657684,-3.815156665300741,0.48265123,4.638558338930742E-5
4829779445492967552,709,0.8012489067538292,0.33838764,58.65587527338553,-49.700579434693864,20.055618,2.86617972775901,0.35224584,7.086801818656101,0.5565391,5.2257879048882375E-5
4829767419584534784,711,0.5777042890559456,0.31759825,58.75744417877251,-49.741206598870804,19.93491,0.7571000020908704,0.37710235,-0.43576286847494927,0.46204764,1.9818788232402867E-5
4829786008201843968,714,0.15672040183208485,0.2973665,58.75764005560442,-49.6110258177285,19.8107,0.3387247379836382,0.33703384,-0.4430332752084793,0.41938266,1.7627337124761855E-5
4829775489827232384,716,0.6170098698181249,0.3987556,58.896762371210826,-49.59109408559704,20.028515,4.335760033775026,0.40824953,1.1072475428086066,0.5781154,1.170118348884212E-5
4829788615247383040,718,0.18057213572240105,0.4610783,58.77544058538047,-49.50916104713433,20.176317,15.826369034051812,0.46126413,5.671929335799224,0.82974225,1.2466662902102724E-4
4829772637968801024,721,0.2046689456266136,0.33316514,58.92628599502459,-49.71575572767635,19.902802,7.598821449122106,0.41918826,2.681986531031818,0.4737519,3.0717058531662235E-5
4829769683031292160,722,,,58.94508594288256,-49.72301888559699,21.316986,,,,,3.215683852633329E-5
4829785144913592192,730,0.4741742026032083,0.39804852,58.73900006177966,-49.690519443615194,20.04006,1.0350023880280357,0.4120647,-1.5768173323936459,0.65343046,1.3639531742044904E-5
4829785385431819648,731,-0.3044060556482493,0.26356378,58.75095370240404,-49.638971542664336,19.713972,-0.004703471728364373,0.2863032,0.08010980054802794,0.39341965,2.938906707330397E-5
4829773535618015360,737,0.35898914638990753,1.2480341,58.776901787513545,-49.672384527500704,20.653984,8.778506305015508,1.3360808,1.3734557734557322,1.9631087,7.19238639071671E-5
4829787378296719488,738,-0.07711468299351594,0.34288728,58.83579678203272,-49.581567116659855,19.969357,8.798627762515562,0.37657574,-15.561547128781383,0.502358,1.211940691579648E-4
4829780059672306432,740,0.653934530078877,0.32947752,58.59386058595094,-49.696027591130814,20.04247,5.552972884934256,0.34370413,1.057645188713118,0.5960403,5.743927501426384E-5
4829779612995734656,742,-0.742174479326092,0.663254,58.69187106161084,-49.6741235337629,20.62329,-0.08617440616093919,0.7076111,-2.5910025972136634,1.1177816,3.839879189522557E-5
4829775386747990016,743,,,58.90816980887696,-49.61328616957061,21.487434,,,,,1.2010292695542459E-4
4829790406248867072,748,,,58.612642413821334,-49.50789285286569,21.434816,,,,,1.2195453457569663E-4
4829774630833725696,749,0.2926602284014122,0.38939753,58.930424804273116,-49.628676317699345,20.077812,5.2743383831952215,0.39374503,-14.396821219842154,0.5753588,8.787543870630138E-5
4829773947934874496,753,-0.06619072251051886,0.39928687,58.7913855565392,-49.65011876206938,20.102827,1.3741554079011402,0.47607028,-0.9804020645466465,0.5536297,3.425023361765723E-5
4829787210794231680,756,,,58.70752839425733,-49.5455557169999,20.99981,,,,,2.1584988993903447E-4
4829772917141501952,764,,,58.905131377854985,-49.69851227254845,21.34023,,,,,1.623472878366792E-4
4829790028292760192,768,,,58.58679143495135,-49.53707027215994,21.037357,,,,,1.5523786101590407E-4
4829779067535950208,773,,,58.654441652736665,-49.70919374376637,21.101639,,,,,6.922190807581851E-5
4829767209130100736,783,,,58.77824588512823,-49.742027131042555,21.545536,,,,,4.595305817404448E-5
4829786008201844224,785,0.1016459066669257,0.410733,58.75901090533774,-49.61387901860168,20.11978,-0.13861525263401714,0.42138374,0.37158082971342254,0.6830145,3.574515109383594E-5
4829767484008020608,794,,,58.7391333054843,-49.73079620241303,21.465277,,,,,1.6960166702870827E-5
4829772741048055296,796,,,58.92675125171189,-49.68160096043667,21.621635,,,,,1.4083670358656908E-4
4829785179273337600,809,0.20730354722324937,0.41309413,58.757543951447786,-49.68496020909547,20.222855,1.368064298123906,0.43315116,-5.075291557529223,0.70130837,3.3058773560626004E-5
4829785797748708224,817,-0.11708130359092679,0.45780075,58.7783488173341,-49.61719396236867,20.223417,0.25349273461849814,0.43141457,-0.17140904590605055,0.63684094,2.0662865543950463E-5
4829786794181156864,819,0.13774420100611762,0.4951493,58.709815923837674,-49.587886751530895,20.377237,25.66269396847617,0.5529169,-0.34149784845010966,0.7669115,1.2703433235753257E-4
4829787275217552896,820,0.6147144720113789,0.43713322,58.68213715216625,-49.54069792357248,20.341856,6.077926309398766,0.52459013,-2.861988871556097,0.74194217,1.679450317554498E-5
4829785355366825728,825,,,58.75154943228865,-49.64760378841073,21.55117,,,,,1.0323407797974233E-4
4829785797748718464,830,-0.03635278988111994,0.38960767,58.767532195419754,-49.61543174913364,20.21692,-0.24615757961425752,0.42239705,0.895677047220681,0.5564777,2.800913845811248E-5
4829773604336279680,835,-0.8913151309499349,0.70157725,58.847281852260124,-49.680533965876364,20.58164,1.8505274616067378,0.8081635,10.60839829310943,1.0138613,6.07954931524723E-5
4829790028292760192,837,,,58.58679143495135,-49.53707027215994,21.037357,,,,,2.1650414245235803E-4
4829773982294959872,838,-0.25290633594819184,0.45072582,58.81434949099311,-49.641254761871004,20.31524,4.930268293322995,0.57288796,-4.749017622939611,0.6213744,5.8200713344211085E-5
4829775494122410112,845,0.7696947025773198,1.3550586,58.89298894034352,-49.59557137889154,20.821758,11.631405534140544,2.0766904,8.440288469511254,1.713173,6.025883565221562E-5
4829786003907158272,846,,,58.75206705276305,-49.602326511677106,21.367018,,,,,6.784017156940437E-5
4829772917141501952,849,,,58.905131377854985,-49.69851227254845,21.34023,,,,,1.3075907770169467E-4
4829786931620146176,850,,,58.72759298670051,-49.559859064282584,21.483046,,,,,1.2495079268794559E-4
4829772741048055296,851,,,58.92675125171189,-49.68160096043667,21.621635,,,,,1.1385617381354295E-4
4829786008202987904,852,-0.3148342945977639,0.47047636,58.75552511064623,-49.61149643452582,20.387495,1.3755388376040552,0.5780537,-0.29521721768709097,0.835996,2.0623916075261975E-5
4829787210794231680,855,,,58.70752839425733,-49.5455557169999,20.99981,,,,,2.643444411761101E-4
4829788615247389440,858,0.9757050576435259,0.8344802,58.77428081966311,-49.501891870906114,20.630808,6.308480200758059,0.9990133,5.611377816700693,1.627945,9.346293004430167E-5
4829772607905404928,860,,,58.910260291773774,-49.70739717142715,21.536137,,,,,7.694748918654664E-5
4829775524186942080,867,,,58.84963783581357,-49.612381958634536,21.61943,,,,,1.6705174798942536E-5
4829786008202308736,877,,,58.75983627302578,-49.61548740789052,20.690287,,,,,2.3958704928894503E-4
4829786008202308864,877,2.5430835316048603,0.710737,58.759871773213504,-49.615742880117544,20.44337,-2.0385949362824896,0.9039838,0.34891181901824425,1.2932953,2.1286411378436364E-5
4829780235765839872,883,0.2059822805551292,0.92247546,58.65039636664954,-49.677519679575475,20.717794,0.6221080989382877,0.8466063,-0.22358929462831595,2.2511606,1.0163835426588122E-5
4829785595884990336,884,0.7958477423669105,0.54791147,58.74439491040323,-49.62752182605137,20.466827,0.04007342317495896,0.6670014,0.8103139386733293,0.88501555,3.131381143567439E-5
4829785797748698880,885,0.5472766384229811,0.5022405,58.773814253954775,-49.623821536795006,20.41096,-0.5769094293469961,0.53671074,-1.6676006985974314,0.82868266,2.2071664059125965E-5
4829785973842106240,886,1.3883149542596882,0.93145,58.760449349344015,-49.61680873390746,20.592031,-0.7626413086550152,1.047482,-2.4176875205261332,1.7317034,3.297560765492985E-5
4829775661625927808,889,0.9668141663488304,0.61302394,58.86860805928015,-49.58839960539288,20.566446,-0.20615059397504876,0.6183935,-2.403096942697929,0.89661837,2.017101172590893E-5
4829780059672318720,894,-1.1412356063559863,0.57615834,58.58427008301509,-49.68430649548327,20.51805,-0.11708763546390522,0.5292448,-0.7635153908048489,0.97207826,3.796511948159107E-5
4829785797748718592,901,0.5552477484368946,0.5635421,58.76359842261694,-49.61781916431365,20.460411,0.7628700611712264,0.69498515,-2.316518383985363,0.94587797,2.0882362724657386E-5
4829785385431812992,923,1.1382012618417512,0.5934882,58.74851535359878,-49.64295721500288,20.52941,3.102024636555998,0.6315569,-3.067055556674195,0.99688154,2.801450187870763E-5
4829787859333126272,926,0.5627181743075246,0.9529478,58.79063969878089,-49.520915611282206,20.640987,-0.4934115486555637,1.0910293,0.8505571792962152,1.9329387,2.729030816620171E-5
4829785802043413632,929,-0.0766792558465689,0.7505557,58.762221578124276,-49.61662674063191,20.643963,0.18535395285699652,0.7377108,0.6458190769028491,1.4206945,3.729799182336374E-5
4829786008202690944,931,-2.418224914629618,1.1755221,58.76193959816536,-49.61376235256312,20.757444,-0.6297947298259663,1.7427398,-0.12335866097820888,1.8152419,1.0273045965605552E-5
4829775799064875520,933,-0.4715210945196629,0.96592623,58.91850985484219,-49.59310422368221,20.683672,3.716383443159769,1.4805741,3.241211682828009,2.050441,7.294805857128943E-6
4829787412656450944,939,1.5062822596051961,0.7332561,58.79718846371113,-49.58646770819006,20.669474,-3.714759430795773,0.789319,-3.201782435861608,1.0477637,2.9157884478304025E-5
4829786175705871104,940,0.8815663626376046,0.7357309,58.746839072661665,-49.58490288120489,20.660822,4.463466772088018,0.7615968,1.3387768651282221,1.2197403,3.913888559722063E-5
4829785973842108800,942,0.15268978079423157,0.57084376,58.7484899120782,-49.612655266560694,20.523882,-0.6741957312168644,0.57574373,-0.9654234401514588,0.88029414,2.4288026042611395E-5
4829785973842107648,947,-0.2593680751279575,0.57099265,58.75288308365899,-49.61244371413322,20.587404,1.3455052576877322,0.6802163,1.2099234635071543,0.9447875,2.8232795910042324E-5
4829786970276043392,948,,,58.7324832217583,-49.555211825727724,20.727005,,,,,2.0739580859511207E-4
4829773840559721088,955,0.3564314691857521,0.83431405,58.86202045693628,-49.64499492593307,20.735695,8.00840329454347,0.8229965,-4.07695281148794,1.1958326,4.4219837942628063E-5
4829785969547405824,956,0.595767302691758,0.6559866,58.74596596922475,-49.612417802354784,20.580256,0.24615704347996245,0.7052645,-0.8884057099038836,1.1084397,1.884800606287106E-5
4829786008202308736,960,,,58.75983627302578,-49.61548740789052,20.690287,,,,,5.3097435160500716E-5
4829785385431826048,961,0.4681322953516981,0.60313386,58.74966171367575,-49.633742487813436,20.611153,-0.3001406871402359,0.7837306,-1.0911518571665653,0.88240993,2.0873390931910905E-5
4829785973842107520,964,-0.817279748643309,0.7403392,58.75439139525419,-49.61317488154402,20.615955,1.071970097389955,0.82226324,-4.577952140274094,1.1871668,2.016466166461496E-5
4829775386747990016,966,,,58.90816980887696,-49.61328616957061,21.487434,,,,,1.7083583843126147E-4
4829786798475835648,968,,,58.7107624265905,-49.59224001560443,20.933434,,,,,6.505659101235664E-5
4829785802043889536,973,1.7254281633215012,1.6326268,58.765178137076866,-49.61248965840317,20.74975,3.0121212526676096,0.99719757,-2.597782445650988,1.7159771,3.155791943747213E-5
4829786008202691072,976,,,58.76284944367343,-49.61286423336407,20.804335,,,,,3.9076697025959916E-5
4829787069059077504,987,-1.0774707411679347,0.6940006,58.68312355533124,-49.57603504795954,20.640463,0.3627369288183047,0.8449594,-1.463516289520617,1.1154633,1.866786364032626E-5
4829785385431810560,992,-0.7620406834261313,0.84553695,58.76152467579689,-49.64538835626324,20.64609,-0.2550742041762163,0.6714005,-2.674094746141477,1.1888564,1.7964442676634298E-5
4829778895736551936,995,-1.1024787613264218,0.68478686,58.61601814122263,-49.74359402353499,20.802841,1.6598914298908034,0.8518806,-6.406114348921173,1.3631957,1.6997309618763814E-5
4829788477808402944,996,2.7528287354979777,1.3011525,58.76877059001837,-49.53436231078511,20.824015,4.1569364987569095,1.2491359,0.501899940596628,2.3004177,3.0307455260751393E-5
4829785797749159424,997,0.2571814227042078,0.78349894,58.767041585475155,-49.621320888559374,20.687273,-1.7786355706345844,0.8959264,2.310923924864433,1.5331815,1.8917248064466892E-5
4829775386747990016,1001,,,58.90816980887696,-49.61328616957061,21.487434,,,,,2.6170558523207964E-4
4829785355366825728,1002,,,58.75154943228865,-49.64760378841073,21.55117,,,,,1.3279155341041737E-4
4829786008202988160,1005,0.45807146670979293,0.7826437,58.75534018646087,-49.61259593657582,20.729895,-0.3165216153712016,0.84647775,-0.6152437518955265,1.3012779,1.90101899881007E-5
4829787309577301504,1008,-3.0297764212940805,1.3039681,58.69564837179408,-49.529705225865605,20.885973,7.56249535278768,1.265899,-5.650555333401522,2.469335,3.219162254047251E-5
4829773123300502528,1011,,,58.79993120687377,-49.727799678587566,21.015457,,,,,9.221317734257294E-5
4829785802043961856,1012,-1.5614129302321529,0.88568336,58.76654949030059,-49.614366295003,20.77141,-0.9809065163606001,0.9184645,0.3162481082439225,1.3041959,3.2849818052821755E-5
4829786038266895616,1013,-1.358053427329563,0.93810016,58.73867899143703,-49.60218259979698,20.721756,2.756492769594859,1.012074,-1.1464267221379414,1.4110167,1.8250407911408576E-5
4829772917141501952,1015,,,58.905131377854985,-49.69851227254845,21.34023,,,,,1.884024202054279E-4
4829785973842614784,1022,0.10157022493494125,1.026018,58.75579807988646,-49.61671157580369,20.72464,-1.729960973901929,1.0029634,-0.32038872757845827,1.5169475,1.731394228862435E-5
4829785969548813312,1023,-0.43100277673124887,0.88510805,58.755826969358885,-49.617404529044954,20.787014,-0.5563577267150637,0.88836056,3.960441781935299,1.1721959,1.55507513767304E-5
4829785973842654080,1025,,,58.7608682385426,-49.61721850888494,20.998861,,,,,5.348892668672025E-5
4829785973842654336,1030,-0.6305574967459509,0.7801054,58.74929012720228,-49.61552419121814,20.75831,-0.24786395408630402,0.7749584,0.38840615002400425,1.3685321,2.083007143871452E-5
4829786008202319616,1031,-0.5281945970758539,1.2220985,58.764833036898146,-49.61215302966574,20.760527,0.8431373787604479,1.8326409,2.138565429733053,2.3452003,2.569100732222759E-5
4829785802043412352,1032,-0.04554308801428541,0.83476704,58.76913329348201,-49.61720423564235,20.742088,2.5867313137063377,0.90933144,-2.0036543956970947,1.4855648,1.424977309478699E-5
4829786008202553984,1034,0.8643160932102076,0.9611833,58.755854557674276,-49.61313060642851,20.797472,4.099872658579652,1.7305001,5.219596762931227,2.0700223,2.738166671252696E-5
4829785969547394944,1035,0.6653996580902393,1.1376002,58.7576386991681,-49.6207088837831,20.77375,1.932526902356703,1.1711575,-1.481775543459903,1.9148514,9.665878331882377E-6
4829785973842615040,1037,-0.08438721064217769,1.371542,58.74844691299473,-49.611245031443964,20.803736,1.7671982743855756,0.9833133,2.0907409517177924,2.1482246,1.43346324185515E-5
4829785969547414144,1040,-0.2051651611702225,1.0690317,58.74449906056044,-49.60572551320657,20.73298,0.9920864658017537,1.4574162,-2.3849790293795383,1.572882,1.4862238648863101E-5
4829785797748706176,1041,1.4216420384737183,0.9585647,58.775161080743736,-49.61822973750248,20.810333,0.7797872283992997,1.404534,0.9572793245917361,1.8920033,3.6354198744131285E-5
4829785969548813696,1043,-0.10113480114989908,1.722309,58.74973527237878,-49.61425627649971,20.768291,-0.3263984865817703,1.2680382,2.1245836703603516,1.8058778,2.5895355801183724E-5
4829785973842614528,1044,0.7485797111537794,1.2742546,58.75810543430778,-49.61511374474863,20.684616,1.5775340624947178,2.8086927,1.902158614472172,1.5095671,1.3900488266573155E-5
4829774600768660096,1045,,,58.93657078166748,-49.628635292135975,20.85333,,,,,3.479715989123881E-5
4829785763388962048,1050,-0.2910304879378317,1.0179641,58.758910715993096,-49.62386359072582,20.759424,-0.7280689697723197,1.0669461,1.842082963653843,1.3074083,1.4491765681997187E-5
4829786008201845760,1053,-0.38511414716746295,0.9398383,58.746694009497595,-49.602825814125644,20.801704,0.24064865760346782,1.4816288,0.10146526233491776,1.6603789,1.7545462189495256E-5
4829786003907589888,1060,-0.0433874621545966,1.0821743,58.755999436727016,-49.609894160830024,20.81046,1.7110886023787077,1.145108,-1.3330682454470715,1.7435324,2.4819979228225288E-5
4829785900827929472,1061,-0.7185524762676291,0.8386521,58.77981938445629,-49.61097598494849,20.755646,0.16932430668590348,0.9852204,0.614925014054019,1.6598699,1.7143684329131253E-5
4829786008201844096,1066,0.44353029617145606,0.8407266,58.75500296501352,-49.60846113836536,20.748945,0.8251508018950919,0.7226023,-0.7683025690940766,1.5173525,1.837384457977317E-5
4829785797749159168,1067,0.6770102460111316,0.8399835,58.76697339919119,-49.61702979326886,20.787796,1.7179205403201774,0.78572357,0.5640564875499053,1.6734926,4.530771487451297E-5
4829786008201843328,1069,0.8690342516727387,1.0962367,58.75965079955412,-49.610488579002656,20.804117,0.25157727109213124,0.97351086,-1.1046223346084143,1.850681,2.5622728013652065E-5
4829778754002192768,1070,-0.4813652773241678,1.0696768,58.67134822090367,-49.73989252970181,20.835932,3.5527801056101858,1.120664,-6.002697367853466,2.2492664,1.757191410850672E-5
4829786931620146176,1079,,,58.72759298670051,-49.559859064282584,21.483046,,,,,1.1529332262171582E-4
4829785973842614912,1080,1.124353415775345,1.2537403,58.75251672354549,-49.61408624647711,20.795942,0.7373102141022243,1.3750339,0.12926637718162962,1.9177812,1.9570782077473275E-5
4829785797749159296,1082,-1.4636337270840905,0.98285115,58.770300458661886,-49.61340387898561,20.808498,0.055709533924118065,1.0705392,-0.6455530503681424,1.5570409,3.161738771384624E-5
4829786008201843200,1084,-1.3114512046451536,0.98532146,58.76108420419285,-49.61218871561683,20.803295,-0.621939734239626,0.9646886,3.6836150892402753,2.104678,4.3822498685649214E-5
4829785522870771200,1090,0.6818278641397197,0.86221325,58.711829014643754,-49.63922229983779,20.77591,-2.804489364547545,1.4990177,1.0433419745212722,1.4693754,3.126287625120704E-5
4829785802043644928,1091,0.27263254543548227,1.0315568,58.76763643039294,-49.61771701250515,20.747639,-0.6204099371830307,1.4454852,-1.6751511437148405,1.4319263,2.5488828891813088E-5
4829785969548813440,1093,0.8482107680504243,1.382953,58.75341469194051,-49.61691910094398,20.811087,2.2545481631308157,1.738561,-0.7633808717245332,1.8128246,2.687923491289438E-5
4829786970276043392,1099,,,58.7324832217583,-49.555211825727724,20.727005,,,,,2.559161633420271E-4
4829785973842614656,1100,-1.5615760905535494,1.4026836,58.758416715937564,-49.61539693461807,20.793438,0.9875922384220709,1.7547916,1.974574420680002,1.7464982,1.5912555200079978E-5
4829785969547410560,1103,-0.043531821405233095,1.2712377,58.756011576010614,-49.61819800361382,20.822268,0.663255591276267,1.3040581,-0.43802386662380166,1.9484338,2.8843223710093542E-5
4829785763389421184,1121,-1.3165184094993208,1.2549646,58.76403744626104,-49.620192219513235,20.7797,1.712731857979307,1.1702168,-4.803503335287575,3.0109956,3.232658336287677E-5
4829785973842108160,1123,-3.322082162203124,1.9353356,58.755385637083556,-49.61833411334193,20.847681,1.5450247686600749,1.6165468,-2.167217670672964,3.011214,3.445629518938192E-5
4829779033175504384,1137,,,58.64393729827154,-49.73233235929687,21.105864,,,,,6.326410023744262E-5
4829772607905404928,1145,,,58.910260291773774,-49.70739717142715,21.536137,,,,,2.2947057519957423E-4
4829785591590251520,1161,,,58.74273674378369,-49.637354488550166,20.88302,,,,,2.5959404730099194E-5
4829772607905404928,1188,,,58.910260291773774,-49.70739717142715,21.536137,,,,,1.841388272712835E-4
4829776005223342208,1191,,,58.92182282990076,-49.564712102002076,21.026102,,,,,3.0147639036464188E-5
4829786970275028608,1199,,,58.73073927465488,-49.555523416266844,21.367989,,,,,2.6548374110249367E-4
4829785767684223616,1210,,,58.76244248661545,-49.620249626534566,21.019659,,,,,2.664398124439491E-5
4829767209130100736,1215,,,58.77824588512823,-49.742027131042555,21.545536,,,,,2.2744992145912898E-4
4829772741048055296,1246,,,58.92675125171189,-49.68160096043667,21.621635,,,,,2.6994180143295315E-4
4829769683031292160,1287,,,58.94508594288256,-49.72301888559699,21.316986,,,,,2.7124864363600666E-4
4829785767684586112,1312,,,58.767611047298224,-49.62469828624228,21.098759,,,,,3.484052011386988E-5
4829786931620146176,1330,,,58.72759298670051,-49.559859064282584,21.483046,,,,,2.3452545584780533E-4
4829786003907158272,1424,,,58.75206705276305,-49.602326511677106,21.367018,,,,,2.341914145273009E-4
4829786003907158272,1443,,,58.75206705276305,-49.602326511677106,21.367018,,,,,1.6562810919450546E-4
