source_id,ngc7492_oid,parallax,parallax_error,ra,dec,phot_g_mean_mag,pmra,pmra_error,pmdec,pmdec_error,ang_sep
2409632341326212864,1,3.99155569284377,0.016446818,347.0498791776391,-15.508180305300753,11.574733,43.39424241492701,0.019612985,-0.6238765993005886,0.015223151,2.0761863029541234E-4
2409630692058733440,2,2.0741892500608063,0.017763482,347.0533549692587,-15.584999459120699,12.712713,19.092889988330437,0.020067116,-1.4222401650187309,0.016294824,1.0274204647224425E-4
2409618868013184640,3,2.004179107692408,0.02015739,347.16739991543864,-15.60999238777082,12.919063,-10.959037741488537,0.021469476,-12.642520716811397,0.018969264,8.563000611802948E-5
2409616948163381632,5,6.246809020433784,0.016475858,347.06404580120994,-15.6675062176423,13.209517,-22.17008320206581,0.016511338,-20.366621304275288,0.014934897,1.6874389406789297E-4
2409617287465221504,6,2.5326857665598763,0.019211126,347.2008974111382,-15.672730856333189,13.758772,-7.858346242621113,0.019129813,-20.661095324373267,0.018565344,1.1345370249172755E-4
2409617016882853888,7,0.01909077865236866,0.020007148,347.09658963994065,-15.65171945740797,13.822507,0.7790287663289267,0.020172935,-2.3106201101538737,0.01800094,1.2532394392320175E-5
2409630176662660864,8,0.2155482356381216,0.018706262,346.9871287775204,-15.591544067914478,14.039732,2.756750820040632,0.02055394,-11.235381857456776,0.017458323,6.326570919747562E-5
2409615672557518848,9,3.006023203025813,0.021656604,347.13193418325886,-15.719549837962656,13.96491,47.70521065305116,0.021315334,-4.541026692685252,0.019702462,2.469701691079315E-4
2409631070015892352,10,0.5395356096225152,0.050719205,347.1359276153498,-15.561752078865968,14.567053,-1.5989031264916238,0.05364851,1.9456261932526424,0.047020007,8.28262390930166E-6
2409618769229506816,11,0.8466204365814297,0.027771639,347.16968514000075,-15.618811077109179,14.521548,11.374697605007775,0.034440767,-10.774953554270839,0.028728211,6.765103679108115E-5
2409618563071083520,12,-0.025594809218732,0.021974966,347.09303696018884,-15.6285652424956,14.255529,0.7794877196707669,0.023578024,-2.3584169179692163,0.021388391,1.7458408408649525E-5
2410006518876919680,13,0.9158594732158137,0.03539173,347.1993137265371,-15.517408238790296,14.711876,15.709457976850231,0.0394801,2.073859795264942,0.04695181,5.3452713287484025E-5
2409613924506393216,14,0.6249326612759647,0.029657202,347.2128322640756,-15.720385476218874,14.803357,-7.854731116781297,0.02914555,-2.05627923287362,0.026258662,7.704950831071522E-5
2409628767913384320,16,0.7554505893853863,0.030707743,347.03027808498007,-15.647908304343927,15.18317,4.591007858120948,0.03312283,-9.848723659436283,0.028406754,6.513009908939322E-5
2409618700510035328,17,0.04953095152741363,0.03578338,347.10734833926415,-15.619468738270129,15.200823,0.6357352444185874,0.03627232,-2.3838380657300817,0.03513552,9.997433744947536E-6
2410006415797680768,18,0.9174513393737916,0.035197962,347.15728660205036,-15.540825002189122,15.314285,6.66006807338941,0.03875898,2.9593026144664014,0.034302942,2.3905684021170664E-5
2409618734869772416,19,0.07702712006800726,0.03871199,347.12282028658734,-15.609138340160674,15.199677,0.7538487125732547,0.03686265,-2.3362106607045363,0.0327393,1.26470080400138E-5
2409617154321800832,20,0.6925603377325447,0.04621878,347.18494707278154,-15.695202447285155,15.421154,30.39427853708348,0.038516086,13.132357278323802,0.03825079,1.6296571260393465E-4
2409630279741876608,21,0.4023741682404287,0.039621595,346.9917547052005,-15.561120167919738,15.629661,19.560730962785048,0.045160472,-17.09861911875532,0.03613514,1.052032012497389E-4
2409629042791292032,22,1.2450098135174468,0.040272772,347.02156186384906,-15.628430441411362,15.452451,-12.47140376785645,0.040362142,-22.15748481939489,0.034976456,1.483901873410901E-4
2409630412885930112,23,-0.006942229737561079,0.039245505,347.0868313350932,-15.605692530395839,15.475661,0.745251619935199,0.040438164,-2.350401650774242,0.03531779,1.4839435430068478E-5
2409630344166460800,24,-0.01610249727579281,0.037883043,347.09052087361016,-15.614718698156755,15.576487,0.7751620757634679,0.041480508,-2.334068307825212,0.03667851,6.9786616670763166E-6
2409618700510034816,25,0.055731941360949847,0.037993066,347.1101078362487,-15.621093399604389,15.596831,0.7471673894680542,0.04218474,-2.3385099191679677,0.037031215,1.1283621719694187E-5
2409616742004944512,26,0.012177193305921014,0.042719312,347.10765679319996,-15.675581484439194,15.599247,0.7567701749694212,0.0434393,-2.300542242605653,0.038733408,1.2887811892110368E-5
2409614023290336896,27,2.506210375819041,0.043469682,347.2194933957722,-15.708886921853189,15.627196,-5.835118382912453,0.041916072,-16.467206900903967,0.038354926,1.156975957551321E-4
2409618700510034432,28,0.05236936880119566,0.040524583,347.1143359844843,-15.61712406880848,15.690168,0.7853208974743282,0.044296153,-2.3718577586367444,0.039375965,1.0398823132675862E-5
2409630863857419008,29,-0.031243087137102568,0.051613584,347.12214632692456,-15.583204031657008,15.749209,0.860270490232463,0.05337447,-2.281881797736158,0.04845302,1.6175651418700645E-5
2409618666150294912,30,0.11649433537544436,0.058281634,347.1297411135074,-15.613772169267435,15.802469,0.9264965474240283,0.05879797,-2.307763543041715,0.051822037,9.82553991699459E-6
2409630378525885184,31,-0.03477052443153935,0.041167427,347.07354017529815,-15.612293758016165,15.824044,0.8556107302556479,0.048706807,-2.331757814243757,0.0428204,1.330476450733133E-5
2409630348461344384,32,0.02941947327058817,0.043173715,347.0983979230345,-15.617401434059921,15.851732,0.758956782703889,0.047440015,-2.3028587495380286,0.04185682,1.2605733611049193E-5
2409994355529513472,33,2.3995160466640706,0.15511006,347.21632965573025,-15.566409234632497,16.104918,5.816931765674025,0.16153435,-10.569524597393396,0.13851263,8.489740500223146E-5
2409994591752933120,34,0.034300710839407764,0.04750436,347.1776491431614,-15.558841640490156,15.91637,1.8232046464604492,0.0513258,-3.7658802021821005,0.046053737,3.779401813616776E-5
2409631997728791040,35,0.9208048661757477,0.051026803,347.091061415703,-15.54561619377691,16.085188,-3.6240990961833353,0.053893726,-42.83119516392444,0.050841797,2.2934120637788655E-4
2409630412885930240,36,0.03331962662740405,0.048271924,347.08649783382043,-15.608449462517733,16.053417,0.692182631507716,0.053953223,-2.4508006299421665,0.046618816,1.616859677107161E-5
2409630520260039040,37,0.05006131859614974,0.04860578,347.08940574330023,-15.599534958240067,16.061787,0.7454910781413226,0.055295497,-2.2621129421248183,0.046647344,1.277439185627318E-5
2409630722123296000,38,0.06833818057287663,0.052557833,347.089403768524,-15.58922349734491,16.060097,0.7561601886317388,0.061247535,-2.3385988749436377,0.051905066,1.5769006375100725E-5
2409630550324604928,39,0.004792242182777845,0.05186699,347.10629253338936,-15.587675212759184,16.094574,0.8027071177010652,0.056662824,-2.321022519953587,0.049120024,1.354560997960419E-5
2409628218157570816,40,0.278384314234504,0.05119047,346.9910750111559,-15.685069172176007,16.14069,-1.3305884627767395,0.053648077,-5.044666673061166,0.04922096,1.0205402407158764E-4
2409630451540559616,41,0.18049793608418585,0.071876325,347.10694245764677,-15.60278103171791,16.10154,0.679696803583128,0.0703779,-2.247878230065227,0.060621385,1.671536916732262E-5
2409630584684314624,42,0.051526954782233826,0.051017553,347.06248404121146,-15.613089327360727,16.167826,0.7246214780373353,0.058017123,-2.26446464908708,0.05561933,1.3236711524163578E-5
2409618631790556160,43,0.0344406074272689,0.05199628,347.1219667706999,-15.628812281668635,16.22078,0.8095696545120703,0.057001058,-2.2132775553023962,0.052909505,7.760806097898945E-6
2409618837949222656,44,0.06652065433849565,0.059040066,347.1625351742293,-15.613896460401023,16.202261,0.9246739506419758,0.07893773,-2.242219249746643,0.070246406,2.0588998229598966E-6
2410006961258396288,45,0.002860160735815208,0.07109648,347.2023479109679,-15.503401332685785,16.242601,0.7879148590234325,0.089668244,-2.2988843699264296,0.098508894,7.42649768480144E-5
2409630481604752512,46,0.052805697857992856,0.056483902,347.11074847882975,-15.598188200895429,16.297604,0.8813244671783922,0.06421248,-2.2496209776689873,0.053205416,1.490803737367628E-5
2409619039812232192,47,0.0966008935056404,0.058397718,347.1514188051966,-15.603253400341734,16.313635,0.7578798981513014,0.063395835,-2.276875655084091,0.0563531,3.4833150419747723E-6
2409618322552909696,48,0.009149558514330313,0.05937774,347.1232955514074,-15.645609572193596,16.32573,0.9013347685007895,0.059961934,-2.320211720401614,0.05554699,7.057955829822264E-6
2409630348461345280,49,-0.04980588025685522,0.057366703,347.09242660296013,-15.618309703618046,16.296894,0.8063257214021438,0.063801266,-2.361095648726565,0.05616018,1.507193270393475E-5
2409618009020047872,50,2.6309991686123873,0.067401655,347.17587337026623,-15.637006174288041,16.387854,11.407363653195265,0.06943576,-30.093219372076067,0.06482949,1.4845187969891754E-4
2409618425632124288,51,0.14243034179217787,0.05871372,347.1366132180287,-15.63937079321053,16.41805,-2.046354336705415,0.06336997,-3.6470791168535435,0.058988873,8.597547798737513E-6
2409630447245675648,52,-0.10676507652424724,0.089948796,347.10830384638894,-15.609706650087626,16.524082,0.794785871748058,0.098140664,-2.0901596162271026,0.08205198,1.2640898452244064E-5
2409618734869772160,53,0.0626477557050588,0.06302876,347.1282653037455,-15.602241498600897,16.450258,0.6268956058573858,0.069865964,-2.2249328570536178,0.060461283,8.373862945603507E-6
2409630485899751424,54,0.030764014318688065,0.06768363,347.1097203708933,-15.597273094654236,16.502125,0.7744613984219639,0.07529734,-2.4605515203740835,0.06256191,1.588889725053306E-5
2409630722123287552,55,0.018940202116742418,0.08223799,347.0838227542847,-15.594311678293673,16.66022,0.7973178373699392,0.086332925,-2.4135337976014433,0.07377837,1.5925036384510945E-5
2409618455696652928,56,-0.05061407103416587,0.06703692,347.1482996491336,-15.631392912788835,16.674177,0.7327184836797206,0.07415492,-2.3952326210391317,0.06746865,6.525406303344236E-6
2409618352617425152,57,0.3872675101292789,0.073476374,347.14159039831344,-15.642236613037966,16.84509,19.395753781329077,0.079286695,-8.829232185218382,0.07613414,1.0452536096536001E-4
2409632268311573888,58,0.3105181884623314,0.06469429,347.0775434855051,-15.521276266217047,16.771841,7.819433513291464,0.07679637,-1.5362644999609827,0.061339658,3.673599254858272E-5
2409630344166138496,60,0.06402277848194635,0.06815847,347.08677966852326,-15.62173120404364,16.770683,0.9920921907100652,0.07556205,-2.3450102092379206,0.066870175,1.2033057136039525E-5
2409618627495661824,61,-0.029594244057646154,0.08002936,347.12342839608823,-15.624915661658699,16.836018,0.7219941803391458,0.090108946,-2.3226070226174813,0.08040775,8.633361155872546E-6
2409629175935042688,62,0.5586094590540089,0.06385654,347.03954031744513,-15.611946972869758,16.791367,5.698635440782115,0.0742616,-7.976840246187185,0.06306933,4.550330115484995E-5
2409618661855404800,63,-0.0012732523816381767,0.09507465,347.13714008150174,-15.616245897444188,16.864393,0.6867339185391276,0.087174274,-2.2837438591974206,0.07579134,5.4502639051730005E-6
2409618283897937664,64,0.23051583002565557,0.08190261,347.10819146631917,-15.653062758715643,16.881454,1.1572033595602726,0.083264396,-6.365996902809446,0.07409351,2.3794040814799954E-5
2409630348461346176,65,-0.02162795010229153,0.08106283,347.0921451828992,-15.61171189794676,16.842514,0.6732232661915091,0.09432315,-2.196939135528302,0.07847687,1.3518607291024604E-5
2409619108532011264,66,0.0870905889731694,0.08432529,347.1268913250715,-15.598590069808468,16.909084,0.8248276542096911,0.09363343,-2.3955414028726705,0.08506959,6.1657916859825495E-6
2409630447245677184,67,0.0018188991027091074,0.08860985,347.1042079519077,-15.601715854139462,16.861702,0.6940906093148415,0.08763457,-2.3480565611247965,0.07611776,1.2660739067903119E-5
2409618524416439552,68,-0.10284447344019686,0.07507309,347.11090081136973,-15.6391471631288,16.925816,0.7530556259295502,0.08229991,-2.230212096578403,0.07379426,6.2723751098677595E-6
2409618696215236352,69,0.034632455098277025,0.09142607,347.11184249331586,-15.611293849386778,16.897018,0.7822594028957011,0.09293661,-2.4457828676347244,0.08400333,9.890999523800958E-6
2409630520260038272,70,0.021895131097317576,0.08877957,347.0967864456394,-15.601393206459669,16.938597,0.7063701412005532,0.09312962,-2.36962046623942,0.07813714,1.5125194474797187E-5
2409618627495657984,71,0.09235424596795376,0.07610528,347.1300117459779,-15.629950046329025,16.923435,0.7695063616729161,0.08264929,-2.36737156885725,0.076718606,5.532258120936471E-6
2409619039812224896,72,-0.13666956130332197,0.08933981,347.1461673104628,-15.610911870578175,16.949017,0.875066914739968,0.09677277,-2.1852567976534356,0.08595149,4.413908129908948E-6
2409617459264195584,73,0.4944936662302045,0.088637225,347.1367913176422,-15.680651022527986,16.948378,2.8691531751601183,0.095283374,-8.283039479003572,0.10402754,3.834934055469275E-5
2409630481605415424,74,-0.21811409266320758,0.089540616,347.1041680496544,-15.598097006019252,17.13849,0.7696182398545469,0.098734155,-2.2642603561534047,0.081758365,7.375653925687327E-6
2409632199592101504,75,0.06834779022558254,0.09003975,347.10558841658496,-15.515495226323901,17.164902,1.8368950972520601,0.104001954,-2.824732823204671,0.096170865,2.7791998033704022E-5
2409630344166462464,76,0.09722048209409576,0.098057956,347.09533488308483,-15.614043429707033,17.352644,0.7330308457832949,0.10861857,-2.2760783296753364,0.095376514,8.899142278462797E-6
2409618730576249856,77,0.04735289501456706,0.08041556,347.11980577809436,-15.605827191497815,16.963556,0.698803164307488,0.092907384,-2.3310790580007894,0.07984579,1.1238541210570922E-5
2409630348461345792,78,-0.07687418055975137,0.118541345,347.08645646427425,-15.622177457173462,17.402027,0.07909010525746345,0.12588519,-2.15569802909079,0.095923685,9.929854020278574E-6
2409618696216746624,79,0.07866309486457845,0.104819685,347.1122737583226,-15.610329225738557,17.058212,0.8115703214792819,0.10724268,-2.2267454552511876,0.09586906,7.390253916727777E-6
2409618696215154432,80,0.23075351517992174,0.09701182,347.11687224920615,-15.617217812348436,17.35968,0.7238530285407897,0.10952877,-2.369329661739395,0.10106312,3.6708128195709037E-6
2409618524416440448,81,0.11261646871734468,0.10982905,347.1110387153155,-15.635051286687911,17.4919,0.7005197444335565,0.12076576,-2.2341754132073732,0.107565604,3.2174633479182344E-6
2409630451540558464,82,-0.038331523896767555,0.14270283,347.1057383406931,-15.61111890261487,17.758013,0.18401466043071396,0.15987396,-2.2300147013007146,0.13640927,2.5181882087336853E-5
2409618666150294016,83,0.09436893890209476,0.09496212,347.13311170708056,-15.616725024024008,17.048298,0.7621603141389837,0.09862379,-2.23891944392762,0.08657932,8.75446191131244E-6
2409618700509477376,84,0.022535620865012547,0.102868676,347.11367045566936,-15.61834172628693,17.463215,0.760068237157461,0.116323344,-2.266206414643457,0.100803226,1.1003331078628112E-5
2409630859562243328,85,-0.017828549664549144,0.087005675,347.12701567802196,-15.594040100190885,17.05725,0.9013104086568462,0.11066495,-2.2458857472891767,0.08483321,1.1751491661900447E-5
2409630485900296704,86,-0.11210682448504977,0.09502602,347.1110012273698,-15.603259849252648,17.065321,0.8673568234805732,0.09485466,-2.3202009608380267,0.07910942,1.6340913462811877E-5
2409618700510035712,87,0.17386936520233864,0.1150157,347.1069365034795,-15.618523562404468,17.488686,0.790059331243829,0.11892873,-2.28543656181266,0.111921094,1.7092967236256037E-6
2409618631790555904,88,-0.11203187120027208,0.08688807,347.1266434315793,-15.62412841561156,17.11363,-1.8696199889243594,0.09762562,-3.079930035159781,0.088420495,8.234022953389712E-6
2409618666150294784,89,0.4002374713265326,0.12397011,347.1289717746687,-15.615612646606527,17.563387,0.7806218475062427,0.12673157,-2.3394578699995487,0.11193181,1.352503451197974E-5
2409630485900297344,90,0.012328713616825821,0.14078982,347.10892150170105,-15.603059460725623,17.637968,0.35098743661069476,0.13853537,-2.488961067222472,0.11629258,1.3539688416235174E-5
2409619039812225664,91,0.13812901827232033,0.11425832,347.15294012566295,-15.60984713250026,17.544338,0.5905967303238842,0.14715974,-2.260272919771099,0.11456268,4.240260379860044E-6
2409630485900295680,92,,,347.12044125373745,-15.597664223294968,17.028923,,,,,2.114699036699744E-5
2409630550324899584,93,0.0549457871566657,0.121122055,347.10772081298904,-15.591770744244911,17.664936,0.3278821411845536,0.14088672,-2.297838169544038,0.11822491,1.2343304269333968E-5
2409630481605416064,94,0.7653999213254543,0.22847164,347.1183357207473,-15.596181787411698,17.636671,0.7637967013157612,0.22741167,-2.193297504351392,0.20934649,9.290418564399751E-6
2409630932576898176,95,-0.05521492811463451,0.092723794,347.11117389338153,-15.582980369152313,17.196993,0.7944981815582456,0.12375404,-2.407794426833953,0.092723586,1.3221449987206188E-5
2409631379253538048,96,1.5475894125021512,0.09785342,347.1225261478278,-15.527591938251124,17.339594,2.8483331319706866,0.11047649,-15.876657096721496,0.093220524,1.0097840175483816E-4
2409618734869219840,97,0.028445064288741426,0.12716791,347.1165048001448,-15.604944097884939,17.772022,0.5966815502561215,0.14638613,-2.0331008813155442,0.1219639,1.2436275710896473E-5
2409618696215227776,98,0.07611034545038857,0.08597499,347.1123636264918,-15.61889308382443,17.189173,0.7390597965905373,0.09759024,-2.25815753597973,0.08509732,8.374399808766612E-6
2409618730574893184,99,0.17140719228738405,0.10385983,347.1241412876742,-15.610902379229568,17.192877,0.6387846631048655,0.10262476,-2.3945345604123505,0.09006212,1.0816182840157709E-5
2409630344166464512,100,0.17133162429385143,0.113800146,347.09240530655046,-15.613522084518449,17.655087,0.945309422544623,0.12381644,-2.029691804908001,0.11447901,9.387109778030072E-6
2409630344166462336,101,-0.07838478728584393,0.122622,347.0972505581788,-15.613751504988926,17.672804,0.9723790100339719,0.13863388,-2.2628817814595377,0.11982568,8.77430165583507E-7
2409618700509481984,102,0.12694694405831897,0.15063371,347.11177051429246,-15.609636442974532,17.753994,0.9837503860401469,0.15383929,-2.1029671614613963,0.13757668,3.3749172008138744E-6
2409631035656152960,103,0.08847406680063163,0.13736361,347.1591104414191,-15.558368581443808,17.68521,0.7921749570894413,0.1328518,-2.264094265214769,0.12082977,2.2195677209386093E-5
2409618490056377856,104,0.011460293184815097,0.13136874,347.10930002345845,-15.644607242071457,17.755041,0.6920622063383449,0.13499025,-2.3455964433934398,0.12271444,7.476454946062215E-6
2409618558775857408,105,-0.08361206113879746,0.118967086,347.0939939383616,-15.640416070709552,17.645681,0.6943142112677242,0.12292216,-2.185470375420091,0.1103547,3.1110371288452215E-6
2409618730574894976,106,0.04894305899308077,0.12924567,347.12068308119086,-15.604168813033512,17.739542,0.6291173750196648,0.14571258,-2.2548129112968187,0.12833422,4.539110137979872E-6
2409618352617428736,107,0.28474847098401196,0.12713674,347.14571804576224,-15.639303249684543,17.736288,1.033589483974267,0.139376,-2.1571014121849124,0.13233323,1.0764217920454204E-5
2409618253833432320,108,0.4852352638611917,0.093452886,347.1316846714207,-15.649618156863161,17.24157,7.857017518718641,0.10275589,-12.237099213324514,0.09615623,6.691323731276051E-5
2409630309806395136,109,-0.10607997354131454,0.12397365,347.08524889169473,-15.626608250330436,17.704609,0.7478839228772689,0.12811813,-2.2304834228189767,0.11538965,9.383687434470608E-6
2409617596703174016,110,-0.02201705502405696,0.12656015,347.15713991626114,-15.64889948280598,17.801003,0.7556184638264821,0.1358422,-2.4113798110318245,0.13012072,1.3552058479064378E-5
2409617085602332672,111,0.15997491683925977,0.1011631,347.0875507321517,-15.643123301939427,17.319338,3.3188414203460512,0.10569737,-3.6133345269000756,0.092793494,2.391501381414512E-5
2409618734869215232,112,0.28870813556262076,0.1282901,347.11805147602706,-15.611630212592901,17.338793,0.7255948899460489,0.13566446,-2.261409745614179,0.11955943,2.1816328485317112E-5
2409618971092764672,113,0.3207942669358136,0.10973173,347.17864595213626,-15.594764721747069,17.4041,3.113389172049314,0.11688076,-5.430111546091712,0.103497304,2.9903529571869468E-5
2409616153594105984,114,0.3652499033030232,0.1039192,347.0537392641901,-15.720731114690071,17.373413,3.167878525684447,0.103795215,-8.534700956043912,0.09361351,1.0133501967470522E-4
2409618700509475968,115,-0.023398507970549966,0.113778815,347.118023496047,-15.612881138371835,17.339396,0.7518802323188063,0.1269916,-2.502040317054073,0.10948215,1.2993728394399009E-5
2409630863856866944,116,0.048869592097881824,0.17458914,347.12389205857835,-15.583387884389968,17.848711,0.38855080939007713,0.18489298,-2.529719145266341,0.16527586,1.0213750073927113E-5
2409628145142815360,117,1.7002161109865745,0.09764956,346.9983470646782,-15.696991762239465,17.348532,18.969586138955137,0.10248322,-4.549640963873288,0.093557835,8.208519546233415E-5
2409631271879140096,118,0.1967288555427526,0.09918073,347.12845316382754,-15.55473867634889,17.324574,0.036751897286996335,0.1073196,-0.38917843222459525,0.09682554,1.3294965318767389E-5
2409630859562249984,119,0.06643243980007844,0.16396147,347.1217682409445,-15.587478324826254,17.841724,0.8532619836805654,0.17268416,-2.6145954934668807,0.16075116,9.71841617100498E-6
2409618730574883712,120,0.18021352300920593,0.13171053,347.13129965856365,-15.609229004864053,17.836588,0.7744510151043841,0.14949664,-2.5647955764316,0.13389029,4.726367597522981E-6
2409618661856793856,121,-0.058437679069394344,0.13797791,347.13042251675006,-15.617112604903792,17.893309,0.9747899927803297,0.15507646,-2.4039673333230738,0.13765274,6.916135374777082E-6
2409630619044069248,122,0.21122835628209213,0.12974223,347.07913100087654,-15.597573084470937,17.845554,0.5628882282000283,0.1546304,-2.22140067475843,0.13012405,8.363522022062793E-6
2409618696215156096,123,0.23284535808838602,0.12949727,347.11364838820134,-15.622299060374063,17.928684,0.8507554983062654,0.14684007,-2.277380783627633,0.13030867,2.494846616339203E-6
2409618627495351424,124,-0.14592022711943353,0.1377974,347.13029284745545,-15.625826589830414,17.948833,0.7460082016181658,0.15648219,-2.115408636060423,0.14348233,1.5779187436205447E-6
2409615878716218112,125,0.1522040275539102,0.15015005,347.12218021802124,-15.696306994385306,17.937199,-0.32143648908493677,0.14754473,-4.734377821686907,0.14504156,3.257140480687147E-5
2409630447245681664,126,-0.052504780480026714,0.14857405,347.0936199728304,-15.606298717030452,17.986,0.8749680006481425,0.16582033,-2.086466298781992,0.13846391,8.502508386073659E-6
2409628870992598016,127,0.3067546129974793,0.09996563,347.0470397076036,-15.645488168986171,17.465376,1.7541447737895248,0.1119026,-5.9709898001279775,0.09870193,4.010577197438776E-5
2409630485899741824,128,,,347.1207549387753,-15.59778061285717,17.431946,,,,,7.331466178174286E-6
2409630515965146880,129,0.07057095889389924,0.142716,347.0922009799643,-15.602815435873534,17.966969,0.7371493573638125,0.1616768,-2.3835671138332346,0.13727903,8.03075274779338E-6
2409995141508393856,130,0.6421629032926427,0.115860775,347.21689645390086,-15.519235956022568,17.443298,-4.592281456521134,0.11871289,-5.898295897751279,0.11406244,1.0625043142567801E-4
2409630520260038784,131,0.2703030053367511,0.15342528,347.0925736931785,-15.600174897193755,18.053068,0.529503363360641,0.17100637,-2.7018104783040684,0.14282173,3.4171292339140654E-6
2409630447245677312,132,0.19471197954625877,0.11998722,347.0980816825014,-15.602728699182505,17.485716,0.8726524700012193,0.13321418,-2.237757965184202,0.10942828,1.2457987023892786E-5
2409618661855402752,133,0.1404968087746558,0.15301526,347.1275840415,-15.619462351796464,18.053202,0.5855068454256758,0.17058563,-2.458097805772856,0.15209752,7.499029315737609E-6
2409616840788901504,134,0.7642872306440769,0.115773275,347.06024079287135,-15.684830095833226,17.547876,2.8641831631626204,0.12015088,-8.762384466544434,0.10553026,6.853385482628531E-5
2409618700509478400,135,0.4957252294850947,0.24545951,347.10957712435584,-15.621541840617509,18.207716,0.7108062562936079,0.25989842,-2.886121422081127,0.24461442,2.575290805405591E-5
2409632135167279744,136,0.5333868223789877,0.12132587,347.1155683605274,-15.51359219029597,17.604065,1.3647469137894548,0.164497,-5.246063320752707,0.122709945,4.337798739445719E-5
2409617768501872768,137,0.2011066096471686,0.15014622,347.2075109265939,-15.641667225643056,17.628103,-2.1613405408989133,0.17524396,-3.950948805265694,0.13756685,3.7032172484237194E-5
2409618730574882304,138,-0.09014102626189195,0.13080324,347.12902233012375,-15.611678166415965,17.593927,0.8301227086598866,0.13293813,-2.4224941936101185,0.116360866,1.3259424052159187E-5
2409631688490608000,139,0.03796971357155308,0.11189276,347.00975966869635,-15.567864281503415,17.615747,0.8336040412965267,0.12997432,-2.3000542922715828,0.11428148,1.2571426443026244E-5
2409630485900297600,140,-0.10401275894751083,0.17806225,347.11249903940626,-15.596723353733404,18.07377,0.9206229683998746,0.18369801,-2.40041497141938,0.16315126,1.8935084101006135E-5
2409630412885626496,141,0.13151063298255197,0.15150522,347.07949004922153,-15.60945350751917,18.144344,0.7473621714569836,0.17293924,-2.1957882461646845,0.15626052,6.367548857227142E-6
2409630485899746304,142,-0.19071804869386708,0.16605644,347.11104413756465,-15.602098679551574,18.20438,0.6364571719708536,0.18866473,-2.0916191172515473,0.15815677,1.70000592439887E-5
2410006755099963264,143,1.0227977633231453,0.118173845,347.1745844511194,-15.513915725415028,17.598772,1.5697509680669761,0.11695924,1.7047285359908175,0.11695409,3.0443239792317807E-5
2409618318259389568,144,-0.00378534559283121,0.124738,347.11973487898615,-15.650546274067182,17.639694,0.7504034169785583,0.1263065,-2.2855982724118475,0.11890886,6.769533100104414E-6
2409618631789993728,145,0.06707208043510164,0.16404514,347.1291159539938,-15.629324876692694,18.252087,1.1284601427690968,0.1804353,-2.3509058568929464,0.1727079,4.393743855768909E-6
2409618593135919744,146,0.15458461887478456,0.11707049,347.109018991121,-15.630307048562086,17.75816,0.8459632859133086,0.13361508,-2.3668560195900517,0.116198964,9.637182597045566E-6
2409618593135922944,147,-0.17716776187572145,0.11983546,347.10834790305233,-15.624591486108141,17.794466,0.5873397578169905,0.1336413,-2.487840638767995,0.11885322,1.0058236485228704E-5
2409630515964854272,148,-0.0075656132189047594,0.13458554,347.0817728429762,-15.598124624841741,17.80468,0.7911938847840203,0.1504219,-2.3026554051137293,0.1227937,1.7455329306219563E-5
2409630348460795008,149,-0.07172307785043815,0.13972268,347.0993791631728,-15.617899876324268,17.812708,0.6932266382870069,0.14416973,-2.4500585259234855,0.13820519,1.77757678369816E-5
2409630378525874304,150,-0.18923565752658175,0.12045297,347.0705355169179,-15.623384418887698,17.88962,0.7221529283797999,0.13956463,-2.451894610466678,0.1288378,2.6425322951326504E-5
2409631752915471232,151,0.41748443770967636,0.14035942,346.9987893541625,-15.561760860418508,17.987892,11.07837469173429,0.16322549,-9.028913673832282,0.13474636,5.287163808255334E-5
2409630309806401408,152,-0.03222110298687559,0.14237422,347.08153139903817,-15.62043300705356,17.996935,0.7455530228239559,0.15927674,-2.2963976706875098,0.14217453,1.4096349344693234E-5
2409618524416122496,153,-0.0984162256103058,0.14001662,347.10509444656225,-15.638219194875152,18.01897,0.871409273126153,0.15606204,-2.155957121340651,0.13831197,9.909924453991964E-6
2409617150026539392,154,0.4664624166775689,0.16618481,347.17740510327906,-15.694016752497644,18.077284,1.3478179760523874,0.15865758,-6.937867088314938,0.15308732,3.2644800694158025E-5
2409618696215156352,155,0.08929061000700453,0.1477293,347.1048180463741,-15.615252831846249,17.978252,0.8684338453503405,0.15721056,-2.174703928095565,0.14880697,6.452030588150039E-6
2409630206727235200,156,0.9200659439966995,0.16043217,347.0043439623986,-15.57292626749911,18.184402,-5.831177501449997,0.19567604,-1.024570150549636,0.16529748,5.438757613812333E-5
2409618700510034560,157,-0.04529597209913108,0.17407656,347.11730416532276,-15.612185098324828,18.121923,0.7600819768050256,0.19984536,-2.217690020242959,0.16338436,1.4719629204818394E-5
2409630481605417216,158,0.13252472964788245,0.15056056,347.1095717043734,-15.600339841366582,18.040773,0.5724845358974712,0.1696585,-2.3257760311839792,0.14238963,7.130260720379972E-6
2409618593135921920,159,0.029472192677555246,0.15815267,347.11135460201547,-15.626477879836765,18.152163,0.816605391802031,0.17574425,-1.966732129124149,0.15574268,2.1437097750169777E-5
2409630520259493248,160,1.0283897831275959,0.1655464,347.0897594642841,-15.60004973558585,18.181395,12.153354374908712,0.18883279,4.826293430379699,0.16222379,8.422695304655348E-5
2409618666149734144,161,-0.17040700942209885,0.21915814,347.12870796448004,-15.613984033043028,18.077742,0.9794839407871817,0.176703,-2.4549876188783855,0.15757945,8.86036268996335E-6
2409615706917516672,162,0.7335101121277539,0.16603397,347.1497727195801,-15.708827798407361,18.079454,17.423884798586375,0.16326366,-6.853403056605679,0.16409154,1.0288516449976688E-4
2409618700509479680,163,0.11228226739683264,0.16267583,347.11411396127414,-15.61137113884232,18.185692,0.8183846041813267,0.18223825,-2.5864558845969,0.15372102,1.8202216689981374E-5
2409630481605412992,164,0.29747517291876996,0.17780024,347.11663936416784,-15.594417448763997,18.178879,0.8420976019006665,0.18859981,-2.304219148177137,0.16745232,1.3555672888163085E-5
2409618593135943808,165,-0.005070309481686199,0.15889126,347.1039653839444,-15.618895658214308,18.151937,0.8156464121647234,0.17692958,-2.16028671037413,0.1649422,1.2777033188922119E-5
2409618734869217408,166,-0.2781518534728978,0.1933428,347.11837636833826,-15.60657354685166,18.192335,1.3937195889310334,0.1951788,-2.5824179477502733,0.16995062,1.9316922900350176E-5
2409630859563908608,167,0.04891807233967944,0.17605251,347.1265089768999,-15.587161432606791,18.28087,-4.196845896389615,0.20729744,-6.8471235430707855,0.17739981,4.23759289817256E-5
2409630481605417856,168,0.13881543691222697,0.17260791,347.1026551464858,-15.597305623210074,18.190296,0.545973026649612,0.18255395,-2.3399678135934643,0.1524079,1.243947471052633E-5
2409618490056381696,169,0.07737822651161078,0.15438347,347.10242026842064,-15.641272400547672,18.215748,0.7248285830614761,0.17177026,-2.3374356266647176,0.15560044,1.3140379364041396E-5
2409630451540009088,170,-0.1466782679463786,0.2726192,347.1079882812184,-15.605138223316471,18.41384,1.4064738498693572,0.26733372,-2.1446846704276843,0.23754455,3.6475990456234944E-5
2409617218746024192,171,0.19504785107713496,0.21393605,347.17365942133466,-15.68355861222709,18.44979,2.604882731532649,0.21001813,-7.801144219227673,0.20219794,2.8119612492103015E-5
2409630619044073344,172,-0.29943730691807763,0.1787886,347.0746719904402,-15.59306310038358,18.31832,0.8548771442918113,0.2078314,-2.236062047286986,0.17506474,1.61239099614003E-5
2409630447245679104,173,0.035407490185006885,0.18354756,347.10574692275753,-15.61295963547903,18.31709,0.8581115283941868,0.18895556,-2.152062827712349,0.17066456,1.5262249643125274E-5
2410006377143193856,174,0.1810430440832581,0.18035142,347.1853637333975,-15.543589795134748,18.376947,0.1748886232774089,0.19728,-4.6975079387576475,0.183931,5.5258851139928284E-5
2410007442295084416,175,0.13139512327013853,0.21628106,347.1248905370234,-15.517489592791536,18.454367,2.5298835857739213,0.24494149,3.3043518891204235,0.20516475,2.729986884924363E-6
2409618700509475072,176,0.1224185396097228,0.19172047,347.11740908267404,-15.617859518892942,18.445368,0.42391908699846054,0.21246147,-1.7155275110456705,0.19715191,1.9493254118941602E-5
2409630451540009856,177,-0.12367164257025526,0.1814741,347.10194551641837,-15.61399568345462,18.402374,1.0322439466429176,0.20176916,-2.047347822152346,0.17854796,8.240484726301157E-6
2409618971092755072,178,0.6482185814810802,0.21137321,347.1777238962472,-15.602832568724498,18.484179,-2.903408457682875,0.20785202,4.705639689956511,0.19880532,2.8437906759070514E-5
2409630550324896256,179,0.363062311474574,0.19271417,347.10172454497354,-15.593409925251981,18.453117,0.9170479781113593,0.22379193,-2.266371899861696,0.1853583,2.1396023531884306E-5
2409631443677809408,180,-0.009351632949204363,0.17887112,347.0470277233377,-15.581352731143404,18.475555,0.6112718631135732,0.22736464,-2.3423684203272765,0.18144418,6.590415435608132E-6
2409630348460798464,181,0.4859638243847659,0.18012498,347.0925365189759,-15.620162632177152,18.472557,0.26967740919696914,0.20516062,-2.704537079000218,0.18929759,1.7924963349937314E-5
2409630309806398848,182,0.18826828480941935,0.17097671,347.07472437448024,-15.621820508869646,18.47987,1.0057653353812386,0.20174293,-2.264388460380264,0.1828221,6.594455247534691E-6
2409619039812620416,183,0.40330442151780693,0.21009433,347.15196521983734,-15.604268022621897,18.536388,0.6598904907696552,0.25012508,-2.6562263457340736,0.21816541,7.0594626960324356E-6
2409630893921997056,184,-0.008203025432028525,0.20090705,347.1340635044007,-15.580443702591673,18.507168,-2.183849906596491,0.23264211,-3.637732592155112,0.20587757,2.6458635289548276E-5
2409632130872620672,185,-0.13070288762191654,0.20655502,347.10885551296354,-15.520345478957053,18.666348,3.9079066163797003,0.24627034,-7.198775272616177,0.21743572,4.842463000058562E-5
2409618490056381824,186,-0.13206656312926482,0.21358813,347.1030159156023,-15.643401820701476,18.555576,0.9190834751291296,0.21574113,-2.1447877701589904,0.19599333,9.270215912477887E-6
2409632302671313024,187,0.15911766380818299,0.21064779,347.0404729348422,-15.519662627630613,18.568804,15.157660951132637,0.21725929,-14.864002103608167,0.22885104,9.957083683561079E-5
2409630447247263872,188,-0.17441959438368226,0.43192112,347.1033062438699,-15.610591185082182,19.088959,0.8686796448228649,0.46653754,-2.018562534477011,0.4354644,5.315210881583338E-5
2409618734869212032,189,0.148332218754621,0.20906676,347.1260389945423,-15.609294962559245,18.584557,0.7293089760031591,0.24780524,-2.3995560208137587,0.21495977,2.821653039676598E-6
2409615981795442048,190,0.6253025981995526,0.24933165,347.1332922410831,-15.684408975526647,18.5919,7.650217139697988,0.28548923,0.8519315446946161,0.24110518,4.050936948915667E-5
2409630653403808384,191,0.17400145431854225,0.19395016,347.055135983587,-15.596138426138529,18.63658,0.4896709491348346,0.23279871,-2.190770175130573,0.20096776,1.3073086833944539E-5
2409618700509482112,192,0.48952631716701483,0.29343748,347.1123226935255,-15.609642359751165,18.688627,0.709775004454303,0.26533124,-2.6699150700451146,0.24172224,1.3904732483964606E-5
2409630859562535552,193,0.32801456726319184,0.3026313,347.12110669931934,-15.592092948708087,18.759895,1.348983869029511,0.35797563,-2.487499947715897,0.2999681,2.234282317666255E-5
2409618700509483904,194,-0.599403389430682,0.2679856,347.1048242192561,-15.617213556292498,18.856882,0.8898086585047064,0.3010066,-2.2004844679915307,0.27952045,9.025707903719802E-6
2409618490056377984,195,0.5046493535905571,0.2203995,347.10818277547486,-15.643431534191455,18.73041,0.6886141727839583,0.24342911,-2.1143993150120166,0.21786992,1.1436937412213622E-5
2409630412885626624,196,-0.0031799769815433303,0.2091143,347.0782034832991,-15.612735377503906,18.687466,0.8312840991868224,0.2516352,-2.514012488527385,0.2264043,1.387811532192721E-5
2409618700510035840,197,-0.08175191515011938,0.25843373,347.10423496759853,-15.616844419039793,18.854534,1.1930256042223113,0.29494604,-3.051661428747952,0.28175938,1.862142555589782E-5
2409618597430260480,198,0.4180411145033008,0.2208888,347.10890160630527,-15.629425535397901,18.775202,1.3585812139619564,0.24840014,-2.551418026907716,0.2238824,1.0127931340349554E-5
2409630344166451072,199,0.26535281067919525,0.22115433,347.08570914874514,-15.61214297804863,18.764477,0.6280124633845681,0.253072,-2.1294802437713756,0.23142166,1.3543270626835012E-5
2409614195089038720,200,0.35244878469718693,0.2521945,347.189543370601,-15.695125630111631,18.740845,0.8436956054238729,0.24342358,-2.8556429421700567,0.24242175,2.434604803095307E-5
2409630554619776768,201,-0.11122938583671808,0.23921502,347.0990456058476,-15.591828381436153,18.792484,0.9374452461343435,0.28321624,-2.4568605965931116,0.22446832,7.44458315443585E-6
2409631855994700928,202,-0.12586575333043679,0.23963304,347.043668746452,-15.542389897391379,18.875383,-0.7496123527771088,0.35678217,-14.17435398659103,0.2587286,1.0801676156382037E-4
2409630550324889856,203,0.011949788442583154,0.2577424,347.10553797677926,-15.593675577636423,18.783136,0.8580805576783693,0.30963364,-2.66027259111189,0.25214753,2.653741960952129E-5
2409628591819442432,204,0.36520645797338386,0.2978992,346.9851806494493,-15.658930530095432,18.791441,15.947044761380825,0.30582663,-5.612593344690603,0.31229755,5.1299474716593466E-5
2409630554619777664,205,0.24471778123898014,0.2521751,347.0959047910653,-15.58690712867195,18.876345,1.0627132025157806,0.30565187,-2.322150537298571,0.24433233,1.7947762195503072E-5
2409631134440174976,206,0.4242449100834426,0.25108954,347.10754163879005,-15.568246253271564,18.914326,1.1168820258629493,0.30154723,-2.2516284285809687,0.24334022,1.8961841489637025E-5
2409632233951827072,207,-0.013027544627147516,0.25921115,347.0617078020996,-15.534692683765973,18.948193,0.5352447255868406,0.31806478,-2.4582584604953097,0.25234425,1.7815742393515235E-5
2409619108531707136,208,0.28174598715971944,0.26347205,347.1359636057827,-15.605508098940788,18.938618,0.7314451579094845,0.30642948,-2.0991782271320347,0.27403226,3.913893900555143E-6
2409630756483047936,209,0.11338342533783287,0.2443863,347.0852749742155,-15.574188479315398,18.937239,1.4348437670187313,0.31199518,-2.020837576823897,0.25572738,2.9046508710649153E-5
2409630451540013184,210,0.5901055335484457,0.3469443,347.10555260767666,-15.603393387262829,18.974606,0.16448044624993954,0.32215267,-2.8793491623827694,0.2952223,2.0175284387982618E-5
2409618627495664000,211,0.012088323430084123,0.41958928,347.1192075208567,-15.621861249615524,19.553036,1.1311579382564716,0.5135743,-2.138052405261094,0.55882174,6.376052009551159E-5
2409630859562257024,212,0.2799916522090426,0.29857177,347.12394719126894,-15.58529689040072,18.99247,0.9235172588621112,0.32637382,-2.0712709350175245,0.3093278,1.1441667782642842E-5
2409619108531721600,213,-0.44659885773004643,0.281074,347.12806962658163,-15.596013829344333,19.044281,0.5828539745035834,0.39752412,-1.8249943355070066,0.3539315,2.8328098211451284E-5
2409618627497264384,214,0.32433668315462416,0.3085955,347.12753728459325,-15.625468043796538,19.041111,0.8117033250339711,0.35189632,-2.3138296512261167,0.32292107,7.871778570531479E-6
2409630481605421056,215,0.821873791812804,0.5772999,347.1159714491166,-15.601893048901601,19.39612,-0.09063039909537324,0.6381123,-5.35191575751842,0.5179929,4.242488576325732E-5
2409630451540797440,216,0.8073966720118445,0.43632403,347.09884631994186,-15.606313485950494,19.472645,0.8468278327869136,0.4985143,-2.4047434193727675,0.42522848,3.825129770037138E-5
2409630447245681280,217,0.7682658189523348,0.27703184,347.1004472611278,-15.604783729012233,19.011438,0.3609448162569155,0.318803,-2.346348744906878,0.26604515,3.0170169094789275E-5
2409616187953854208,218,-0.4627721811244484,0.32327482,347.0733186277522,-15.709008331226189,19.094002,2.058529964820565,0.3309622,-5.1882013793417725,0.28635487,7.205680577819256E-5
2409618696215161984,219,-0.5889119122035364,0.4718182,347.1200076292999,-15.617725085196538,19.743397,0.5460501361204796,0.5524335,-2.043464223721036,0.4925572,9.110636649683362E-5
2409618700509473792,219,-0.5544963528149377,0.92421734,347.12015267580705,-15.618032416803077,20.283062,1.8598743419941532,1.3268813,-4.248872130157391,0.85111636,2.46697179405054E-4
2409618283897936768,220,0.4688580197485167,0.3277311,347.11919649544416,-15.653701421050018,19.019945,4.508501116895894,0.3351527,-5.31970715697368,0.3186898,2.7541215298653417E-5
2409619177251202304,221,0.39075643781731856,0.31165865,347.1654700647444,-15.588657037089217,19.101984,0.22189674776472854,0.3164446,-2.522668524348128,0.31976753,1.3115293182117012E-5
2409618730574898432,222,,,347.1256880276454,-15.607426315707066,19.76214,,,,,3.004107070118455E-5
2409618734869212672,222,,,347.12562294788813,-15.607501723017306,19.86178,,,,,6.840698731365334E-5
2409630309806395264,223,0.4423491628548242,0.32262737,347.08261102980174,-15.626037065774884,19.156168,1.142123593590471,0.3435423,-2.2334192609423256,0.30304664,1.3622784696378499E-5
2409630653403811456,224,0.355497711394773,0.30036774,347.04702165684853,-15.593436583590549,19.290213,0.4892503039179373,0.3716398,-5.747306665761203,0.30805475,2.9482366407618042E-5
2409630451540560000,225,-0.15087677143668443,0.5366619,347.10182117518957,-15.610449412824872,19.532679,0.8556102887965779,0.60580343,-1.4096571111446656,0.51541364,6.83502353297497E-5
2409630893921992960,226,-0.7598314648440011,0.39549524,347.1363604730694,-15.584354134390543,19.396227,0.9662878974148293,0.4715386,-1.848726263643522,0.40475205,3.2503816596413428E-6
2409630485900298240,227,2.656380964758824,1.4140197,347.10738289475,-15.601710797929593,19.621635,-0.3901754189686731,1.2219397,-3.8878988171790336,1.0299182,2.8093784726365567E-5
2409631447972435328,228,0.5466169855785423,0.28806943,347.04716834592347,-15.582125092482704,19.127878,-1.489993747716397,0.3428039,-13.50226429481246,0.26991048,6.434364065750197E-5
2409618700509482624,229,-0.5269006088506828,0.566058,347.1104688918909,-15.61244803258023,19.864601,0.668402096470796,0.64833426,-2.9090984950341277,0.5661871,6.0035022081658175E-5
2409618734869217792,230,0.7695210929850671,0.51655924,347.1156005387551,-15.609238415554941,19.766775,1.5675304524814864,0.5707302,-2.448411241178548,0.4791376,2.4394407249985647E-5
2409619039812225024,231,-0.5168046226937592,0.36410692,347.14200786877825,-15.611910118995787,19.258366,0.985044285639878,0.4085487,-2.11965671130122,0.3576994,6.625917152688227E-6
2409630515965148928,232,-0.13548978157841124,0.36108923,347.09487179665956,-15.600117902151878,19.208216,0.7185350966562184,0.37606898,-2.269810131359178,0.3114264,1.6383008753942153E-5
2409617974660308480,233,0.8896586583388402,0.3649364,347.1928682847001,-15.637620993158505,19.342907,12.162953310942227,0.42387232,-12.991939712667435,0.37932932,7.891047909201335E-5
2409630863856865152,234,-0.40532816139959005,0.37087905,347.1258277490226,-15.58687462897221,19.252407,1.5320441627127181,0.42949927,-1.8993127329074015,0.3750715,1.9107365666247565E-5
2409630515965149056,235,-0.19419351652108058,0.702257,347.0919248254751,-15.599262906932557,20.185467,-0.7934594177743065,1.3381374,-3.6784129518181063,0.690311,2.111694416692026E-4
2409630520259575296,235,-1.1072253788416526,1.3511616,347.09170737996516,-15.598986995988042,19.975157,-0.11917455752919423,1.5216795,0.7839878524828916,0.9459329,1.3608032085861093E-4
2409618696215140608,236,0.3719815500804792,0.34489182,347.11956408164457,-15.620364867289563,19.30886,0.8760235037452847,0.39743546,-2.5385714111694173,0.36785886,2.4948915467795577E-5
2409630481606756224,237,0.4709676517252188,0.37833557,347.1125424110199,-15.599419000767686,19.347958,1.0068617961552055,0.44640347,-2.4367617973690483,0.36273304,4.403083053796842E-5
2409618631789993600,238,0.41942236859308935,0.3266822,347.1306069202225,-15.630409649001015,19.303915,1.8654871402521185,0.3756827,-2.799694869889123,0.36042833,8.712033995886143E-6
2409618700509475712,239,-0.3797930473786402,0.4240628,347.1176810043963,-15.61548156358874,19.350504,0.9628254198035107,0.49365032,-2.1906942936842237,0.42847776,1.679546791061806E-5
2409618734869214208,240,0.3427086605760616,0.39614543,347.12086520415767,-15.60926530255367,19.323196,0.5731761574063715,0.40310398,-2.249188852555529,0.35442045,1.9653528114256065E-5
2410006652021101824,241,0.9397662444201182,0.33989432,347.1635639932726,-15.52368374887286,19.365519,-8.166718428383785,0.3761895,-10.843936024416198,0.3659769,1.0511693828159905E-4
2409630726418470528,242,0.8226155489001308,0.33640555,347.07597155356956,-15.585330789406898,19.34197,-0.03299489764270648,0.4274964,-2.6255931659454714,0.368151,1.945312715683524E-5
2409634845291949696,243,-0.0512092951250596,0.2949287,347.01620863853566,-15.522571446713462,19.276957,11.177997880984128,0.40750206,-7.599653824877841,0.3079328,5.0901588380170716E-5
2409618352617420928,244,0.24661406705595057,0.33956444,347.13649367536766,-15.645667074334423,19.387262,0.8673551981672534,0.38433307,-2.976019575967387,0.38577896,3.5446889524068916E-6
2409630928281734528,245,-0.1812105421667077,0.33229735,347.10990453230994,-15.580840172428886,19.323742,0.5934241372978759,0.39848512,-2.087208134901259,0.3353297,2.2419015069395008E-5
2409630485899745408,246,0.5524614383060691,0.3501354,347.1133021349495,-15.599770481578267,19.349771,0.8783600454105912,0.41771722,-2.6091328506809472,0.3539822,1.1797164627135557E-5
2409619108531714688,247,-0.24120916865103864,0.36477304,347.1301162350377,-15.59738857986107,19.363098,0.09556435644097255,0.48297334,-2.3703379585650883,0.39074892,2.0043915117324855E-5
2409618700509474560,248,-0.8461807015705076,0.5238834,347.11984852411,-15.615664476098805,19.665052,1.0155934521357117,0.5777198,-1.9944450491293608,0.53147185,1.0799070884221525E-4
2409618593135946624,249,0.16890920841476786,0.37963712,347.1051702351769,-15.62327660751659,19.391256,0.7195942671468762,0.4013141,-2.4869679196591026,0.39242122,2.218459497899128E-5
2409618734869211648,250,-0.22739097728584298,0.43575516,347.1251752558227,-15.611457992449072,19.455078,0.41457866384098807,0.45066395,-1.87020631406555,0.41633984,1.3935137190573292E-5
2409631924714187008,251,-0.4145985748216563,0.33909154,347.039301922098,-15.525023727923744,19.459208,0.32459338417438854,0.43944764,-1.9772156994465115,0.34955922,1.3999495320301279E-5
2409631070015386880,252,0.8622775765237953,0.5320104,347.1365576170232,-15.561461432155857,19.925533,0.1464617380992896,0.5536803,-3.3502861672742306,0.54849386,2.8415278343558432E-5
2409632268311579264,253,0.3974350373102968,0.38600603,347.0705674649604,-15.51344032355875,19.574602,-0.5388207230606021,0.41404578,-4.135679661725152,0.36123282,2.360585744781246E-5
2409617046947353728,254,0.10804268069351501,0.48775458,347.07166269638805,-15.65588073407172,19.561678,-3.0501285728446232,0.46502772,-4.09493298373073,0.41714314,3.717892332347121E-5
2409630451540174976,255,-0.3658986239993703,1.1969734,347.10836806212643,-15.606670120829973,20.394226,1.5136606038465314,2.2741709,-1.9732914422777377,1.2581077,1.2628803934972645E-4
2409630348460800768,256,0.32958731985871015,0.39241314,347.0915587668303,-15.610311962578342,19.54215,0.6648700623813794,0.50038815,-2.3265788759090125,0.39376858,2.238348269236334E-5
2409618734869214848,257,0.6364613387735707,0.50725335,347.1193623898108,-15.609722790500015,19.628622,0.6160252142231886,0.52025217,-2.4314759446623593,0.4691071,3.701594923924607E-5
2409618734869306624,258,-1.1632500869658018,0.5080684,347.1285169078252,-15.609457582792912,19.790636,-0.8946571419500706,0.7520451,-2.304012269957318,0.54634464,5.138096695745021E-5
2409630485899742976,259,0.43852004691704705,0.48699144,347.1145066842157,-15.605278165169844,19.458885,0.31008110327588034,0.45098493,-2.724068609522676,0.40933916,3.1744350548685E-5
2409618700509571072,260,-0.6211394479629676,1.0218213,347.11252583932435,-15.621023772259814,20.031235,-0.5985975428218026,1.1404426,-5.602931853209255,0.9663427,1.1910591621097228E-4
2409618455696657024,261,0.8903810467929593,0.44934958,347.13522163688384,-15.62696965855727,19.501232,1.5003714510699087,0.4831504,-2.1374802806860176,0.46847993,1.044799242942079E-5
2409630722123299328,262,0.23701084252741383,0.36987677,347.08485348135343,-15.585501768622693,19.493822,1.033080696838164,0.4749623,-1.7704660515649695,0.40148965,2.999049001107706E-5
2409618627495349376,263,0.34500233426217103,0.40738875,347.1177557107959,-15.62672051902769,19.628378,0.6818393573804062,0.45794818,-2.4541295909535603,0.45803538,4.221479299826336E-5
2409630863856861568,264,0.5633436292723587,0.39915115,347.1238134800635,-15.596917455591653,19.5766,0.38756780892532655,0.4908359,-2.0371366076615347,0.4266045,2.3172084508399584E-5
2409618730576256128,265,-0.05921718215391614,0.42838532,347.12267744410013,-15.606036680363616,19.619957,1.4201442867631562,0.521937,-1.7555912292038658,0.46705994,9.858377484824716E-6
2409618734869399040,266,,,347.1207266305572,-15.602431679167871,20.337732,,,,,6.459832632257184E-5
2409630451540011136,267,0.38877725246929273,0.5774371,347.1012663333832,-15.612815754017808,19.885141,0.5766254141324879,0.6229858,-2.219308702273504,0.5607698,8.158476329141656E-6
2409618730574898816,268,0.1427675735386097,0.4341447,347.1204206359882,-15.599687904052145,19.639042,0.40884125156457485,0.54055643,-1.9552952988840901,0.45455235,1.3306802002025918E-5
2409618734869308032,269,-0.006914565050470296,0.5408423,347.1213035868633,-15.613076136883462,19.830404,1.2429523877323543,0.7895992,-2.072898934389867,0.5676365,8.700571170932147E-5
2409618421336904576,270,0.5819597089837829,0.5216721,347.12816292507404,-15.639663804363844,19.670593,0.6955305108594865,0.5446907,-2.4906006237946183,0.52174777,2.9678942472312462E-5
2409630554619777280,271,-0.168742877367085,0.43043905,347.0965274549909,-15.589235834646587,19.61151,0.11869132946931596,0.5286488,-2.224482061043513,0.42808604,1.42506586087091E-5
2409630451540008832,272,1.3057047006422347,0.74701095,347.1034855177352,-15.612632806639795,20.057905,0.10061548741743216,0.8842137,-1.8508510917928367,0.7180531,6.465419928065464E-5
2409628969776594176,273,0.7655288066879143,0.4193547,347.027583220644,-15.631866056097685,19.645977,0.6894433949120188,0.48124304,-2.0402036018712133,0.42593482,1.5609868836470718E-5
2409618597430271232,274,-0.004227502761315172,0.41331404,347.0993257138865,-15.620115049584582,19.64033,0.7911445120233928,0.46562734,-1.9879472659670725,0.42337912,1.1667812851081456E-5
2409618631789993344,275,0.1950871904986874,0.4297025,347.1311109526632,-15.629839443157676,19.683733,0.9155286626385882,0.48703486,-2.3106237429403107,0.47465402,2.0100385121182172E-5
2409618593135919104,276,-0.8281347013929103,0.5272448,347.1047317528013,-15.63011427822921,19.75815,-1.3077705047357142,0.5515104,-1.7326576359154118,0.5426756,3.0409478017650195E-5
2409630485899835904,277,,,347.1062468752197,-15.6010180852946,20.396994,,,,,4.099272506032595E-5
2409630417180427776,278,,,347.08729876586096,-15.60645767814386,20.682753,,,,,2.109176948899623E-4
2409630417180427904,278,-0.03470441409152092,0.6649203,347.0874176318509,-15.60672739074996,20.126593,0.24834235274122304,0.97496533,-2.4456863891675202,0.6763235,8.358976039020753E-5
2409630485899834496,279,-0.05915134116439678,0.55137944,347.1145230940851,-15.59710099649388,19.860804,1.1988992558167155,0.92169404,-2.7893550973171304,0.5478783,1.0695831545783054E-5
2409618490056372352,280,0.10865534860750314,0.47686434,347.10187378800447,-15.647781644960054,19.722425,0.25868461072179183,0.54036516,-2.643242928397742,0.53676766,2.1387603037476878E-5
2409631168799918464,281,1.385001050310803,0.5855855,347.1144827257343,-15.561389785419188,19.93263,0.9200809504041174,0.79939544,-2.741858361468229,0.5353349,2.8232385622278247E-5
2409629004136326400,282,-0.6834172890656443,0.47247085,346.99682338370457,-15.636267152792248,19.828133,0.38743208588219324,0.5505995,-1.9304898495343457,0.49431247,5.75995816282482E-5
2409630451540007552,283,0.5832752386688884,0.62016404,347.10976928150535,-15.604918936023271,19.967434,5.782804399195558,0.6982651,-2.8854906948845027,0.6049725,5.722957078609877E-5
2410006445862671104,284,0.060340219040788345,0.5277527,347.16435884980905,-15.532840413391146,19.925545,-2.5893132642845855,0.803664,-5.1286032290810795,0.5859419,6.860507677439843E-5
2409630451540617472,285,,,347.0953055958345,-15.609104980239517,20.294548,,,,,4.472860598647361E-5
2409618700509639168,286,,,347.10337898375934,-15.616460192894538,20.736496,,,,,6.239959145618309E-5
2409630485899740032,287,-0.441269158600131,0.46500447,347.1225017740598,-15.596597231104736,19.778305,0.7220606376921848,0.62352866,-2.2612836325933268,0.5161142,4.270123235947527E-5
2409618627495658752,288,0.17898880134560577,0.52446175,347.1265035085593,-15.628598631850556,19.912573,1.2964710777690533,0.61153847,-3.027340517459157,0.5958184,1.885649952237759E-5
2409630485899743488,289,-0.4807537621704273,0.52780265,347.1190119682258,-15.596503655479145,19.79708,-0.1496650842897063,0.61718625,-1.7439732381834583,0.5072333,1.2196634761911168E-5
2409630515965146496,290,0.49251579466006273,0.5663303,347.08840519439883,-15.60337380401247,20.026926,-0.8943827725147163,0.9525414,-2.17289410863901,0.5812186,2.841915641092266E-5
2409630859562259456,291,0.16244430541533636,0.59170425,347.1245228648477,-15.579293429955595,19.79336,0.3427417267604288,0.688815,-3.4203395925464366,0.6645655,1.526345848927969E-5
2409630485899918464,292,,,347.10984532123246,-15.602674009860916,19.996153,,,,,3.285393058300624E-5
2409618494351295232,293,1.7284810377675304,0.9168152,347.0984247182666,-15.652235846565128,20.26602,2.645471612673743,1.2014512,-4.51699316169629,1.0513233,1.658051847714643E-5
2409616703349942656,294,-0.1673790505508499,0.48633644,347.105220763302,-15.691024525447965,19.805553,0.18569712873431077,0.54087657,-1.7256705284486418,0.4853407,3.735786408512273E-5
2409618631790091264,295,,,347.1213773747464,-15.625421963403506,20.354904,,,,,4.6140452832344154E-5
2409619108532013440,296,0.5754818948584457,0.50194734,347.1298063258009,-15.593208060425708,19.78373,0.6695893821208208,0.647659,-1.774156570090011,0.62554824,2.392664058802398E-5
2409618700509641728,297,0.3956368509716863,0.9088228,347.10725661967194,-15.613913313984526,20.184885,1.058183548628081,1.3719927,-1.2718626829867725,0.80197966,6.435291008535355E-5
2409634742212723584,298,0.515333374437912,0.49479878,347.0078821332651,-15.542806390034245,19.868114,2.500299710304875,0.60378635,-6.9943622762912,0.47130415,2.330318070392993E-5
2409630451540618752,299,-0.6027970054653584,1.0585413,347.1057535214446,-15.603980858300542,20.33654,4.213896481421357,1.6905107,-2.678883017287043,0.98982304,1.0079753403184495E-4
2409618455696660480,300,-0.352193710927734,0.54361266,347.1465299849394,-15.62279748176416,19.805195,0.6673050635170504,0.62937665,-1.997956801614215,0.5544554,1.1461803999629084E-5
2409618734869309568,301,-0.9350657884431486,0.6881273,347.123767090811,-15.60210267596509,19.849993,-0.32221838535825786,1.0065595,-1.9511699288757585,0.6991402,2.0895714388731133E-5
2409618700510079744,302,0.342556908009416,0.59138936,347.11369661589697,-15.6143381010197,20.08751,0.15223865635787667,0.9236622,-0.9439653123006073,0.59816295,8.741892406863194E-5
2409618734869571712,303,,,347.11627519291864,-15.606425001853074,20.672907,,,,,6.254576935582225E-5
2409617012587623040,304,0.2741951438310972,0.5254506,347.09205291983903,-15.647120981833657,19.84712,-0.42483093567191477,0.6494643,-2.892723551538218,0.50506544,9.725125867669099E-6
2409618734869307520,305,0.22090868854558607,0.596606,347.12499161610486,-15.608572437355793,19.972208,1.2693340426847357,0.9395631,-2.415660762944069,0.6871187,1.248600592336215E-5
2409614298168252928,306,0.759616819580406,0.68367463,347.200535890545,-15.695928257593703,19.966673,0.21186779636918074,0.6856099,-4.439844680773412,0.67272705,1.9521709471330715E-5
2409630309806394880,307,,,347.0907711162129,-15.626778486808085,20.72958,,,,,7.243189791826609E-5
2409630314101404800,307,,,347.09063508495075,-15.626873578191104,20.771812,,,,,8.960874224650624E-5
2409630451540097024,308,-0.705601241088436,0.6088245,347.10474103967033,-15.608869205361302,19.989906,0.5096207849508898,0.8665368,-3.1160380997702766,0.6318388,8.501143401583025E-5
2409618734869217536,309,1.1158244711896756,0.59689903,347.12186600840295,-15.600909316312947,19.915663,5.086624097187797E-4,0.7089146,-3.5142503595327526,0.619905,3.674383965744549E-5
2409630451540098176,310,2.0950991488842305,1.008024,347.10086024595466,-15.602180749078553,20.19412,1.4313163147506283,1.1420466,-3.495875928814241,0.6786652,1.608856724767308E-5
2409618700509480960,311,0.6041719169465669,0.4944883,347.10901296877955,-15.617140464699313,19.800827,-0.26847446351877446,0.5326708,-1.8235291758807533,0.49953756,2.401133572625228E-5
2409630348460882688,312,1.3529064493102634,0.63185304,347.09640868473997,-15.613874392727544,19.875069,1.7030037929004826,0.83971924,-2.566622331454371,0.65897083,4.1601503266981064E-5
2409615981795439232,313,1.1588448518734327,0.64236027,347.1239026753937,-15.688537050724182,19.993237,0.2484273979372973,0.67075384,-1.5746813732219067,0.60524017,6.295635071239546E-6
2409630348461386752,314,-0.2556028301308107,0.47837427,347.0941097432501,-15.615221317468182,19.837797,0.7126547507311475,0.6297105,-2.4849919023547007,0.5050891,2.838816320787945E-5
2409618180818771456,315,0.3451343926357551,0.7149757,347.2104257990514,-15.604697408210642,20.069025,-0.5413871182984834,0.74793804,-5.9710255748889685,0.7558619,4.625089554765162E-5
2409630451540166656,316,,,347.1070347225888,-15.611652019485168,20.588083,,,,,1.6517366450769487E-4
2409630451540166784,316,,,347.1068894199441,-15.611928173622916,20.567612,,,,,1.4441738222612386E-4
2409618734869309184,318,-1.527214938115677,0.5671739,347.1233756862356,-15.604527195969617,20.025343,1.6281355591593076,0.95631015,-1.699738288625114,0.6337682,1.3548610782865766E-5
2409630722123302144,319,0.036863648825328776,0.53267926,347.08020953420277,-15.582742777251603,19.948086,1.5712092138484601,0.8317649,-2.616339530878912,0.57989544,2.030448824571998E-5
2409618666149828992,320,-0.3809343565495532,0.59191084,347.1384225365365,-15.614512999256368,20.013842,-0.8132578067585972,0.8654736,-3.0927182145569434,0.6213762,7.464016105282334E-6
2409619211610949504,321,0.14553626131285874,0.7732123,347.1782101314863,-15.58155928213125,20.02557,1.7661394253295333,1.5473962,-2.530105440880505,0.93683255,1.9220612545905402E-5
2409630451540616832,322,0.08550948564248628,1.3028096,347.1024080419495,-15.616357667220342,20.500238,1.0910175026731483,1.4335907,-2.9305394122673354,1.1948707,6.783656926972173E-5
2409618627495662208,323,1.0322929738758357,0.56406254,347.1179443573074,-15.624316699686828,19.969297,1.6031925310900728,0.73800534,-1.58626204042321,0.62150514,3.722823227320675E-5
2409618597430360192,324,0.2950465328100789,0.55019194,347.09249460205626,-15.62631139869193,20.013863,0.059958711071292414,0.7102787,-2.7892588968490815,0.5833452,1.4401014477273706E-5
2409630485899923072,325,0.6052476327686092,0.75262314,347.1062767142424,-15.59557714551814,20.223946,1.4098301862254992,1.6966733,-0.512108869347073,1.0223446,3.861630638855819E-5
2409631787275215488,326,-0.13762730923358088,0.49580148,347.01080824353517,-15.555416992594013,19.994438,0.2047099996061781,0.83157337,-1.7684611657214868,0.5562728,8.391040738585468E-6
2409618734869214592,327,,,347.1183987446252,-15.610364893764796,20.656622,,,,,8.594424826038948E-5
2409630451540175872,328,,,347.1028748579685,-15.603695302751376,20.51381,,,,,1.3862444870994068E-4
2409630451540176000,328,,,347.10270813937575,-15.603899081824748,20.588829,,,,,1.2566061612248394E-4
2409618631790157952,329,-0.08670160829798283,0.88747466,347.129389967814,-15.628721753968913,20.432749,-2.151750765405202,2.0347936,-2.247747620935082,1.1086072,5.494483801960912E-5
2409631340598621184,330,-0.5407736402033464,0.5843659,347.1118689832152,-15.548013873850868,20.061491,1.6401189318904499,1.1788172,-1.7041069318835134,0.6592543,3.7474295876061885E-5
2409618696215236608,331,0.27306635858810857,0.91784006,347.1179111751945,-15.613390852986784,19.95988,1.6462245558573598,0.95178753,-3.0482369773625595,0.6335836,9.05186313041882E-6
2409618597430896512,332,,,347.0956809304531,-15.626213461009534,20.624706,,,,,8.1350680104821E-5
2409630348460883200,333,-0.1637831585459286,0.5896535,347.08850350788214,-15.618914774161505,20.0833,-0.4005929865551495,0.7923323,-2.4528468272309403,0.62194175,2.0514092517413558E-5
2409630554620014080,334,,,347.09902740526013,-15.593499135009644,20.620775,,,,,3.857755619420897E-5
2409618902373275520,335,-0.13777392013084055,0.77815515,347.1920729729961,-15.605615602555527,20.143465,-0.948119332540593,1.3063995,-0.11056250435402082,0.82115644,8.285968296633654E-6
2409618661855105792,336,0.02657074415142775,0.7475441,347.1350885122686,-15.607821517515962,20.067438,1.5122281049265174,1.1842804,-2.6920448266480212,0.7358785,3.0425542699140602E-5
2409618425631726464,337,0.09567122583037618,0.750359,347.13719787264176,-15.633036761109441,20.15904,0.4727883218816752,0.9778708,-1.8943105532358095,0.73768777,1.793113922104062E-5
2409618734869309696,338,1.34434463256782,0.71200657,347.12103341138663,-15.6033939127655,20.127058,0.38911040130204766,1.023428,-2.201503021047734,0.7316194,3.0106047281469893E-5
2409618631790160000,339,-0.6310907589390995,0.65478694,347.1208453710391,-15.624220272157165,20.167274,-0.1106230880946702,0.9633854,-1.380030758451834,0.82594633,1.4512907215687643E-5
2409618528710937856,340,,,347.113662193698,-15.632135816486175,20.546816,,,,,9.116601200709625E-5
2409630722123292288,341,0.11196027700224018,0.6647309,347.0854754921084,-15.5905953056301,20.168621,-0.686765119644171,1.3934019,-2.0664269431914546,0.8494848,9.91254249430058E-6
2409630451540008320,342,,,347.1040257281907,-15.61290324127394,20.633106,,,,,2.5777740811464277E-4
2409630451540008704,342,,,347.104363166032,-15.612725457793251,20.735567,,,,,1.1381361260291055E-4
2409630309806396288,343,-0.07221206246895362,0.6783007,347.0799406234446,-15.624355336138992,20.111767,-0.7802066525637137,0.89173913,-2.793278306454046,0.6392792,1.602434994823737E-5
2409630378525884544,344,0.363452322461529,0.5781063,347.0651148870096,-15.612148658504989,20.121067,1.1678451121039946,0.8077865,-1.4205188273822429,0.7632729,1.5054230564750233E-5
2409630863857689600,345,,,347.12967687469194,-15.58705365195499,20.851637,,,,,5.626654196473347E-5
2409630863857051776,346,,,347.1175756648275,-15.584075966616728,20.200033,,,,,3.7704933640622486E-5
2409630726418528000,347,,,347.0804192133862,-15.585569774829144,20.11009,,,,,1.193224248793649E-5
2409618700509648256,348,0.2520245206877172,0.74099886,347.1123510740955,-15.611817594458726,20.13918,1.11107632912091,1.3773975,0.22808552869802368,0.7807231,8.139660211832294E-5
2409630485899916416,349,,,347.11158376579857,-15.604968279997347,20.695673,,,,,6.092800611809759E-5
2409630451540176256,350,0.8999140946688581,0.8300566,347.10474007046173,-15.604270547329111,20.225248,2.226703331396482,1.488429,-2.921076171432692,0.91823924,5.356813988699216E-5
2409630344168044800,351,0.8680694718953219,0.7290253,347.0925965189992,-15.619415714003223,20.254316,1.3739543713572056,1.0391325,-2.1951669620815353,0.7401687,4.139969740486117E-5
2409630412885630848,352,0.630189549609526,0.5851079,347.0808530145118,-15.60429898596265,20.175133,0.8867480376221551,0.77335644,-3.0515916827073353,0.6260953,5.970614264502893E-5
2409618734869689216,353,,,347.1251812569533,-15.606730774040587,20.64629,,,,,7.253494606292191E-5
2409618627495661952,354,1.0194254340538955,0.7185195,347.1218857353042,-15.624910302165198,20.116673,1.5633505769859048,0.8973829,-2.2959749342016447,0.8290024,2.7901974402867003E-5
2409630485899925120,355,,,347.11395779990846,-15.595926442435943,20.15627,,,,,6.578683844357296E-5
2409630344166134528,356,0.5242701812525807,0.8638301,347.0891576693496,-15.624692741023454,20.206245,1.1857758331616304,1.1718093,-3.2008143800344366,0.78027385,2.313830169980979E-5
2409630382820679296,357,-0.002551798889833333,0.7324939,347.07085030469244,-15.61324793443532,20.239376,0.12022313212663358,1.1170752,-2.1342178091757957,0.84181845,3.933091939568954E-5
2409618700509650176,358,1.249766011558052,0.94498676,347.11582560395584,-15.611995682064595,20.37665,1.5127154466871677,1.9498304,-5.064235651465747,1.0564426,2.5814148879712334E-5
2409628763618147968,359,0.4938990782861632,0.8223444,347.0298902775488,-15.644546901700101,20.250788,5.864515735426749,1.1305418,-4.9549829284796125,0.78502476,2.4939737610031708E-5
2409630619044067328,360,0.6964435020792055,0.6735652,347.07264592435655,-15.598041386311035,20.20687,1.464727229240925,1.3535188,-4.730312326510247,0.8766793,1.4652267685953842E-5
2409618597430419200,361,-0.5955785363895734,1.0969088,347.10650199870787,-15.622591142630899,20.328842,-0.44684868228213653,1.5523132,-1.5127252463739373,0.97887707,5.0994732877291325E-5
2409618734869398144,362,,,347.12566260818056,-15.604799431191312,20.496897,,,,,7.3722449996834E-5
2409630863857241216,363,,,347.1230579962525,-15.593017757229637,20.522179,,,,,2.4848145645978097E-5
2409618425631723520,364,-0.879171869057634,0.86527973,347.13166758151976,-15.63590752973543,20.388006,-0.5095438719648259,1.1689433,-2.360722754642146,0.9117933,4.2226542858181827E-5
2409630451540174720,365,-1.4030529347005476,1.6998862,347.10509832792724,-15.605864641102679,20.390106,1.1323460328613542,1.8000005,-2.161122651847731,0.9655035,2.6187743066140697E-5
2409630863857051648,366,-0.7641778144319165,0.6395156,347.1175595719526,-15.58493280514901,20.195042,0.6969507869667375,1.3727394,-2.9781108970003123,0.7371096,1.4643870542842821E-5
2409630314101196672,367,0.7268223849574078,0.9291506,347.0849401745436,-15.626102107904323,20.390509,1.967354785180573,1.4636291,-3.6335290965219573,0.94160277,9.033979160888624E-6
2409618528710935680,368,0.48344570859796604,1.0231719,347.1092999350628,-15.635966358913157,20.456722,1.0559952710849165,1.6243426,-2.07047554046749,1.0472636,3.270456331254222E-5
2409618734869401856,369,-1.8096685625462088,1.3534333,347.1255451467719,-15.600454062587216,20.509445,-3.1369238446835546,2.1054494,-1.019709236098615,1.281552,4.8488727019385104E-5
2409618734869393024,370,,,347.1148089801955,-15.60689893112144,20.486244,,,,,6.146173794403751E-5
2409619108531722624,371,,,347.13618116129186,-15.590795827617756,20.304789,,,,,2.4165682904324686E-5
2409618700509637120,372,0.6735608624468011,0.76730865,347.1051951477602,-15.619256216741777,20.318338,0.4377431102160473,1.1905043,-4.45695360123852,1.0037205,3.1712150831577606E-5
2409628901057123968,373,1.3118935846910713,0.7704656,347.06170768112185,-15.623662967175164,20.393612,0.021210872260236588,1.153412,-1.0061813408740654,0.93850344,3.3266151894200457E-6
2409618700509636352,374,1.124060244539577,1.6397177,347.11127751398953,-15.622258156249536,20.561615,-1.9471958021062679,2.5792813,-0.28767278540837204,1.6524811,3.997413656706182E-5
2409630309806391552,375,-0.6439856919795401,0.9508082,347.0848049617756,-15.629403733034335,20.39217,-1.83250999356971,1.2403697,-1.8277706820416593,0.7942769,1.2924720820817182E-5
2409618425632187008,376,-0.7736135217015817,1.7222409,347.13342198275757,-15.636993818649229,20.436834,-2.494834463395762,2.0371437,-0.4354412651616952,1.0846262,2.230736361154138E-5
2409630550324603776,377,-1.3416128213437633,0.86267084,347.0934036669204,-15.588657327464825,20.372868,1.9987287902622557,1.6966041,-1.6452068205816865,0.993768,2.881663548871574E-5
2409630348460946432,378,4.13246581456319,1.3271383,347.09228558478645,-15.612920438678174,20.591892,-1.2239410525945296,1.8552413,-0.062060188164818154,1.2264428,9.186528889489737E-5
2409618524417804032,380,0.9779171220754789,1.0947591,347.1127772238765,-15.633061251487835,20.462132,1.6460792882639277,1.5295545,-1.6984293428855957,0.94246507,2.6818519672145753E-5
2409630344166449664,381,,,347.081691556185,-15.615757153644305,20.662169,,,,,9.591533010552358E-6
2409618494351407232,382,-0.4828773193504883,0.92646027,347.1089083429169,-15.646182678733114,20.413044,2.963264018351424,1.5377007,-2.989999105918862,0.8759584,2.532297320322942E-5
2409618700509644544,383,,,347.1151145974133,-15.614410735729566,20.342274,,,,,2.6454584262775247E-5
2409630550324599296,384,,,347.1048932649775,-15.590729448729231,20.612734,,,,,4.3317369229069905E-5
2409630520260096128,385,0.40294620432713424,1.2574481,347.08721940047724,-15.596265743398888,20.519764,0.34161678532607426,1.8986092,-2.98569392353208,1.0884087,5.7422009738197235E-5
2409630485900358528,386,,,347.1167067073298,-15.597779168630941,20.41949,,,,,2.9934622525272805E-5
2409619044107332992,389,,,347.14638358564537,-15.610114699941038,20.72578,,,,,5.651303954420711E-5
