g,ra,dec
18.06107312,199.17874125484298,17.89231832341223
14.72975016,198.8991980342857,17.884913896177395
18.89289136,199.17909039801475,17.88943457501943
18.911114559999998,199.182826624252,17.889327074607593
18.29942248,199.17898734162932,17.8890996574808
18.37201156,199.03002031529599,17.88562925398093
19.29785136,199.17894677706735,17.888562860802303
19.41630216,198.96211953657118,17.881343430929252
99.9999,199.0404061520592,17.878146265741776
19.236094960000003,198.9092188651358,17.874459938120065
16.98937488,199.11688402829097,17.8785484922228
16.881259919999998,199.11689450654404,17.87847529279061
19.26342976,199.1015709691225,17.874295536068068
20.41036248,199.2072483741154,17.875649998632714
19.38188056,199.2762269030968,17.87466314719189
18.53895632,199.22770978457635,17.8734982512499
18.82242832,198.94120509437727,17.865536272544638
15.13131916,199.14860374570094,17.870012888334738
19.1055966,198.96859873314693,17.865612550926546
14.53090416,199.14859267813856,17.869771661247082
19.187499759999998,199.1611664898966,17.869246771509676
18.650306280000002,198.98860949523996,17.86521367274139
18.703066359999998,198.98876681204132,17.864936252118277
17.763902799999997,199.12132797803218,17.86774616249378
19.272541359999998,199.0184105415588,17.863121020070057
101.00358328,199.11365136873283,17.86005616419302
17.195400279999998,199.11376980064898,17.859902256295037
18.295612600000002,198.9314359914021,17.854671721442216
18.0754796,198.93167938002506,17.854357966293318
17.05374184,199.16488441937923,17.859644849337652
19.08333104,199.1692949083532,17.858885508405276
18.84227136,199.25463374367658,17.860218648103842
16.76556728,199.31442240903186,17.858489782680085
17.045018560000003,199.31418415071673,17.85804181090071
18.85188916,199.25202305516066,17.855782973399773
19.39074596,199.25198198513925,17.85563728562865
19.24267556,199.25190138537235,17.855488991112228
19.17737576,199.07301333981658,17.848703084224113
18.249814880000002,199.15329386808733,17.850366584220716
19.05487536,199.23770206203136,17.85104930047272
19.010734720000002,198.91768601047625,17.84266434404792
18.80886216,199.0256123959496,17.844730456225548
18.886175639999998,199.05970543681514,17.84290881020157
19.10347056,199.178596791878,17.844493782512316
18.92440056,199.20558255674686,17.843479764240115
19.309392719999998,199.05590151077186,17.839837205592218
19.29228316,199.12592850881254,17.840669457094886
16.72374724,198.9404123697704,17.835676350420822
16.71066316,198.94061258387163,17.83545946734035
18.78243852,199.18020887258007,17.83501477014869
19.0202108,199.17959864693321,17.834969369807386
16.68924192,199.02840962968278,17.83127070543343
18.21595092,199.02896490752022,17.83106742030992
18.984108600000003,199.1120308449599,17.831325154216405
19.149028559999998,199.16300508658514,17.83190038896739
18.83012256,199.0896483649247,17.829472697629548
18.22926316,199.27877784391526,17.8333148702363
17.338792639999998,199.14230545216094,17.828191236076652
18.81534152,199.11082402052844,17.826111971494825
19.07036508,198.9423447990561,17.82116654751724
18.093601560000003,199.05373135717105,17.821443030040864
16.47583148,198.90869902825744,17.817078708747196
17.701785599999997,198.90894384274196,17.816847440294488
18.18308,198.9581033971887,17.81601885697823
19.18091916,198.95828126382312,17.815802194469832
19.671660879999997,199.12467095332636,17.81938500164354
14.34659048,199.03971448830026,17.816482821277756
14.704613440000001,199.13157825436778,17.817841590117617
19.12088384,199.0817757744148,17.815619096339258
19.28256412,199.14600941574923,17.81624248137449
18.1438166,199.1033945770771,17.813568452018174
19.43547016,199.14031782345157,17.814260032613305
18.943112080000002,199.15855034101037,17.813845912958673
19.03968936,199.1903014559077,17.81429825516005
18.4647474,199.0006490780297,17.808438877536105
17.37601244,199.10091642415264,17.810750151065314
18.48469168,199.1011377593116,17.81032398880967
18.74412612,199.26838725384792,17.81298545886771
18.10449656,198.91288755486067,17.804351032669185
18.87353996,198.91309205902493,17.804169667868223
19.03165232,199.02696833629102,17.806225604028718
20.165414000000002,199.11328653439315,17.80742322683256
19.413264960000003,199.13592409782478,17.806784798662655
18.832653559999997,199.24230554569465,17.808861251193846
16.8709122,199.07219003578595,17.80481883324598
100.98838212,199.01684038252284,17.802418697297426
16.515970799999998,199.04961312170408,17.802987246334304
18.58491928,199.0835544580279,17.803712638850612
16.94072992,199.19606837827578,17.805292363367617
20.090361880000003,199.1235185963986,17.80344761469947
19.51358372,198.99172596709735,17.799429078655645
19.98815256,198.9916563431927,17.799246316623716
15.75582044,198.8995331958351,17.79676939786372
18.58613416,199.1625342627395,17.800789224543404
19.42926088,199.06125713374874,17.798175893141604
19.38096036,199.06495724582027,17.797988549477683
18.00715596,198.91167914218465,17.79422503308064
18.59261352,199.04737405997585,17.797365670059154
18.03386996,198.9118883294665,17.794056406880852
16.610340880000003,199.00138143302522,17.796134646699443
18.98501976,199.22459155759225,17.79985112274193
18.28008564,199.2432715517929,17.79993362357358
18.68838656,198.94683239702192,17.79298679434939
99.9999,198.90502233764602,17.79170508845725
18.707473519999997,199.00233632098798,17.79376210525611
99.9999,198.9771868848444,17.792047546629544
19.36446536,199.1137547126573,17.795209044653284
18.60759704,199.14244529819533,17.794568816199284
99.9999,198.98981464830808,17.790907882945195
19.61704328,199.1026628581688,17.7929541670018
17.908343719999998,199.0204114644475,17.790826631738483
18.12232988,199.13130187326811,17.79327904366085
18.69952296,199.09759902818968,17.79235335209477
16.462685880000002,199.18657653656774,17.793517879299422
18.35176452,199.12634241136686,17.791941609315415
15.15086648,199.16997397496294,17.792692158946902
17.491117,199.18822373509823,17.793070182335168
19.060646039999998,199.10792208365223,17.790640682802707
20.0558522,199.09434867481338,17.790307738761786
15.288531240000001,199.23205612060747,17.793065454565113
13.93146692,199.23313048566922,17.793080370178426
19.32801244,198.98832978358163,17.787022233418057
18.75015504,199.20287649011462,17.791927735730955
18.13106036,198.96112328269965,17.78625449674177
18.09459084,199.07702708724628,17.78882583405153
99.9999,198.9774411253893,17.78627540304147
19.17373112,199.14356706871519,17.78984801502193
13.736454799999999,198.89835806672434,17.783298846149517
18.595347,199.11848647731847,17.78821487942518
19.293700519999998,199.1683850180177,17.78883732445686
18.247886559999998,199.07466415112341,17.78574918373903
18.87871776,199.1674708993578,17.787662338365493
15.523585679999998,199.0190983431802,17.78384217975756
18.797320799999998,199.30152948725166,17.789483690993286
20.38965028,199.064417715234,17.783827898796112
20.2997082,199.0991167486061,17.78351682393855
18.21964536,198.93398633097033,17.779607584443443
16.178304760000003,198.92617594503636,17.778796371160478
19.27325004,199.12252241846772,17.783250041520848
17.19822616,199.03855830921773,17.78085078365917
19.12392104,199.09280302282443,17.78152681625545
19.60036956,199.1315428545599,17.782416178948075
19.13404504,199.14354621213855,17.78192518437819
19.05943116,199.0028669063718,17.77864587480441
20.216032799999997,199.11587048961826,17.781061940775206
99.9999,199.11120461983433,17.780602195315605
19.227995760000002,199.14891843714548,17.781368689168225
19.540827359999998,199.0230593054959,17.778341094301386
18.94452376,199.05150231492658,17.778969463130387
99.9999,199.19741303902478,17.781597937728495
19.33075436,199.18752433928904,17.77972541471044
18.12016736,199.16700240830968,17.778266270318117
19.58297468,199.06349875551427,17.775460052596696
19.2250598,199.16606197322812,17.77754623771845
19.54588936,199.25083488842884,17.77941120840079
19.29070644,199.12142792300213,17.776075912664663
17.64240292,199.23672394006422,17.778454705981627
19.78451576,199.06997605007945,17.774318281525773
20.01685396,199.1572978648948,17.776173033971215
19.07461716,198.9610202696648,17.77111384966518
14.07288304,199.05101063209807,17.772998350993646
20.01760756,199.08110062481637,17.773405595471367
17.73040704,199.04445437164304,17.772052430713128
20.18837436,199.1007305585561,17.773270118147483
18.57381128,199.06085399375405,17.771733858672604
20.77084044,198.89819459863295,17.76664303842531
19.29400424,199.14313944431504,17.772288887240272
18.29567568,199.0545515552192,17.770113328055892
19.11136728,198.9856319201867,17.767900654728265
19.34138456,199.16877711768515,17.769706145215707
19.33023704,199.12994209057766,17.767322638992926
15.70286624,199.01474405310083,17.764548984125124
20.29495328,199.15117665965101,17.767489400199885
18.69301936,199.1351814184428,17.76669807370119
20.361813159999997,199.18878878070535,17.76718513617612
18.60711004,199.16161220015982,17.766067796625045
19.35049616,199.12129395617225,17.765127514197665
19.08038784,199.1284560324557,17.76487111418196
19.4115306,199.1381569423986,17.764977094761523
19.70265964,199.0788340282536,17.7635037004023
19.238159879999998,199.10638416512901,17.76393212318621
18.95464776,199.16677393444482,17.765309621522412
19.6009326,199.19510796404563,17.765783820051603
18.388997800000002,198.98480229996636,17.760688307956347
99.9999,199.10066305672106,17.76328119687599
19.10650776,199.12574646557385,17.763513548583568
20.057682760000002,199.18916017753327,17.764579555664707
19.339056040000003,199.12072408354604,17.762900685755138
18.956065119999998,199.12296552729455,17.762464328925528
20.170176559999998,199.056254067374,17.760842082363208
16.98130824,199.06475136953478,17.760967402437373
19.24419416,199.17811765831553,17.762922505622612
18.29799488,199.28264520429403,17.764563055191726
19.23103296,199.11873146439467,17.760508196050107
19.90486216,199.16923294485906,17.761415686082668
19.383118120000002,199.1263199351573,17.760215975298372
19.54448088,199.12503211970306,17.759195899973122
17.843547880000003,199.01601249766486,17.75661980706395
15.01029324,199.15799011439037,17.759830030508816
19.22475608,199.0494500454789,17.75727553068574
19.33935976,198.9806762635003,17.755059649311903
19.16370836,199.11886101554705,17.75822954828879
19.29987616,198.95654778243627,17.754051824291782
19.68240096,199.13276287062803,17.757855777845922
18.62460536,199.29676547464777,17.761361883907956
19.05487536,199.26371899648217,17.7605357488756
19.814615319999998,199.1591742058324,17.757850233956095
18.478478319999997,199.16977339357047,17.75799179384484
19.25523016,199.1106861137707,17.75657001378335
18.73343836,199.1159284466932,17.756663986775017
19.844415639999998,199.00375245805873,17.75394929210552
18.8428788,199.14397296198385,17.757096635737742
19.26089876,199.13272604639326,17.756558828929695
19.025414519999998,199.11277654434426,17.755786229644524
19.094966399999997,198.98618525540275,17.752825699318343
19.78074804,199.06327888295834,17.754455200992293
16.66809176,199.23564156331636,17.75811301607517
19.40496328,199.04875199068573,17.753793532436475
18.93338736,199.23518326600262,17.75773057775691
19.9250854,199.15306753172413,17.755802410841092
19.667583399999998,199.07178146229938,17.75383885839133
19.532075879999997,199.1306253542234,17.75441127563285
20.07093444,198.993879488492,17.750723978212456
19.19331564,199.0630199665085,17.75217115702671
17.124037,199.1581661916266,17.754138031080256
20.039653880000003,199.12196982817125,17.7526552989722
19.22748956,199.12161011217464,17.752204853124667
18.254168200000002,199.27142315759966,17.75555823339429
19.513330160000002,199.10836318263728,17.75134730856611
19.206487,199.0994056055396,17.75103574588928
18.419189399999997,199.10032236905707,17.750981949357357
18.13362824,199.06104777548242,17.749957558999032
18.96194424,199.0953964133771,17.750711268089493
12.900834000000001,199.1670550092397,17.7522360322049
19.72927528,199.13880617505586,17.751402632334027
18.94705476,199.08149029247727,17.749921777451128
100.98291372,199.13573729629786,17.750594275605174
18.1018734,199.1170983102121,17.750104211535962
19.33710536,199.15410088210686,17.75046564006733
18.05436816,199.10026320376937,17.749218003961108
19.852923880000002,199.11938892248776,17.749343912162725
19.76190112,199.1422839797182,17.749456921156273
19.37428756,199.13044662908183,17.749180848251573
20.06274616,199.02592307269285,17.7466902780197
18.98198256,199.0616203389008,17.74716789561818
20.065483399999998,199.07717062043517,17.747416528188186
19.11632804,199.09595593914108,17.74782731682281
19.061390199999998,199.1210764240284,17.748353977203887
99.9999,199.10033988242841,17.747602935141252
17.66158304,199.1145309023243,17.747906341178602
99.9999,199.01647770488324,17.74554817446388
18.9405754,199.08099033182432,17.74701710162236
18.92984396,199.06216593328728,17.746567064965262
19.10093956,199.1091354498722,17.74731344758626
17.80590192,199.07952173464187,17.746589046652144
19.10468544,199.0809612457538,17.74638892650207
19.763030200000003,199.16303255658067,17.74807883388823
19.16877036,199.11494063808368,17.74669367588775
20.035381479999998,199.12061890349165,17.746623149762538
18.7072172,199.13868419704443,17.746985773924358
19.21989656,199.1238893002292,17.746543994284057
19.28803108,199.05083221311457,17.744642650938108
18.539017840000003,199.1746679757658,17.747463062645913
99.9999,199.14000109151638,17.74646493272182
19.73551632,199.15662053889503,17.746720695742336
19.35365332,199.10413976036537,17.745294672130548
17.931868,199.1100433921646,17.74539834058944
19.78066544,199.06882608755387,17.744259332953266
19.61512736,199.0976598256445,17.74481585079689
18.80655316,199.14595424404408,17.745761388400577
16.661286360000002,199.08227527800483,17.74398858422176
18.93672828,199.10007987898715,17.744348131376473
19.02470584,199.06286352751687,17.743392447095356
17.018946839999998,199.10102678275948,17.74364706688905
18.75500876,199.01060081508828,17.741529847374384
20.03309016,199.12062070167707,17.744031163962802
16.6679244,198.9972396565859,17.741027041596446
19.25512808,199.09190253099237,17.743214445165297
19.05386296,199.1195430999957,17.743828316946857
19.17636008,199.12589429858332,17.743753042522016
19.362138759999997,198.97683834689312,17.740257326590182
19.331260559999997,199.1492749058136,17.744237305855414
19.53729424,199.09571131296872,17.74270183797549
16.71904708,199.11299497790952,17.74300322227164
19.181328,199.12468661732535,17.743250412964727
18.859482160000002,198.9740727339522,17.739677781998356
20.362424,199.1179209558936,17.742425268948224
19.10721644,199.11397541768434,17.742324488082282
18.91455672,199.283082267568,17.746089519743027
19.05922868,199.1166854460247,17.74227214140434
19.05398152,199.1932039523168,17.743996264813582
20.035108400000002,199.09579442419562,17.74150174553712
19.597655160000002,199.07682807262296,17.740699245252095
19.765973520000003,199.1382545010452,17.742087356386136
19.4884738,199.1412765506011,17.742087520253687
20.16852884,199.1802496249952,17.742898081897454
19.393123,199.15619233188,17.742282898545373
19.47097176,199.16211143405621,17.742075539821275
19.15257196,199.28012274050894,17.74437053836173
18.97914784,199.12544235301561,17.740860885685702
18.58734904,199.1799387176578,17.7420372876457
18.6717832,199.1357344782143,17.741000676437096
19.66786156,199.11456870330352,17.740449927097043
18.35046264,199.1048915985808,17.739826151434166
19.413428879999998,199.1125923648004,17.739995121543725
19.536222079999998,199.22625607060323,17.742531978696615
17.44146188,199.0767547382039,17.738987930696975
18.40563556,199.1189770407776,17.739893494090854
19.33986596,199.12351356830413,17.73978245879854
16.458377,199.136764571931,17.739930708681857
17.18539104,199.11232167318133,17.739353355646745
18.87973016,199.1144752182104,17.73916695767303
18.38731708,199.05334268940274,17.73756445188627
19.0013194,199.06017358864668,17.7377033051407
19.88241396,199.1162770831696,17.738963067091024
19.26191116,199.161935540578,17.739997613018346
19.26428936,199.12763119956105,17.73916980968439
16.90003412,199.04108211981548,17.737138482102413
20.28355076,199.1384351230215,17.739354692244397
19.06660432,199.1625526275733,17.73956032704155
18.899067,199.17079854621065,17.739558702814307
19.82606448,199.10796377997173,17.7378579048463
19.246117719999997,199.0863763461012,17.736982269717878
19.16168356,199.11537797186912,17.737501675709716
19.427438560000002,199.13037280014257,17.737710966826175
19.89620028,199.10150603300787,17.737043308538738
20.29640444,199.0463806518631,17.735590857553287
18.95859612,199.16118570182167,17.738238035881004
19.44869896,199.13108445426056,17.73748670464988
19.692251199999998,199.18104479304318,17.73846459507222
16.6177684,199.14848737385083,17.73770492045185
15.59961668,199.08260799392133,17.736028344211668
19.784034520000002,199.16197129213393,17.73779293122026
18.828198999999998,199.10251981316904,17.736405182818608
19.8971362,199.15797696092113,17.737590360595743
18.258723999999997,198.96865674542804,17.732850044499944
18.984108600000003,199.13219672148392,17.736504326188452
18.855938759999997,199.14598105075572,17.736721768809055
19.29562408,199.1487050394254,17.736773906148635
18.74629584,199.12378168941322,17.736156956742313
20.18769348,199.03216179636954,17.733471095238475
20.15762472,199.1048149081654,17.735040223813616
18.4982306,199.16360966100825,17.736333527269714
16.14295516,198.91754271274868,17.730509980996178
19.22748956,199.08713680068053,17.734497162260496
18.58755152,199.16406552925346,17.73620793341346
20.04593996,199.0731360796782,17.73400283083775
19.66756312,199.14756287163297,17.735553062219417
19.09638376,199.04890855877426,17.733021730375608
18.56397104,199.10627351413893,17.734299875082314
19.20066096,199.08185891815157,17.733508053798186
19.37965416,199.0324754975259,17.732295547728143
15.14429816,199.10657339099612,17.733957768381234
18.4489826,199.07468250434772,17.732600727320392
18.70883704,199.09824081372375,17.733086397944486
15.556331759999999,199.05580765992386,17.731997793816404
20.00115648,199.14290184620904,17.733931352495013
17.79118332,199.11178192101528,17.733069392693405
19.15915256,199.17203588186123,17.73435385500932
18.94077788,199.06682397112004,17.731917299877676
18.9694288,199.13596632483478,17.733508372289197
19.58489944,199.12746559813425,17.7331073638843
19.80658236,199.11491445500528,17.732736103313123
19.55504332,199.07665607748064,17.731778671388152
19.01923888,199.09938497818567,17.732278983775327
19.870725519999997,199.11339942500138,17.732543037933098
20.13536844,199.10280638883486,17.732191054248855
16.10708216,199.07239730364884,17.731422297195724
19.13485496,199.1063165439496,17.732185248860898
20.12685924,199.08594837703504,17.731595479963783
20.08293908,198.90783401938674,17.7272240151931
18.14298164,199.12525245038697,17.732310255706864
16.52948768,199.2586697125467,17.735231918529514
19.338853559999997,199.15419574118738,17.73275321667529
18.73890532,199.13141694046476,17.732206617025117
19.40870916,199.08458272172624,17.73110462794995
19.779858479999998,199.1091764769634,17.731605925625065
18.18144512,199.12817349708305,17.731982613442035
19.34138456,199.11334608544587,17.73159663996867
20.1396254,199.12096077225794,17.731740558005836
18.81564524,199.11095441560832,17.731439599430743
19.03361496,199.08006919403394,17.73067117863495
20.273100279999998,199.15608762163296,17.73241427118412
19.44092852,199.07446992368435,17.730298853753066
20.286679160000002,199.0900926828316,17.730649541524617
18.291140319999997,199.06315213279498,17.72997188265797
19.39099216,199.07089608526067,17.73007693474501
19.59146424,199.10889498454137,17.730922780995257
16.75453264,199.11193332780758,17.730867171368434
15.24193636,199.14254586473348,17.73139294653725
19.88027896,199.04951468589402,17.72915670925986
19.5763626,199.11896965420175,17.730541888128723
19.018935159999998,199.13487691374954,17.730825772122838
19.1400182,199.17839020519816,17.73181004079682
19.6223956,199.1054401338296,17.73008993560798
19.2675806,199.19519364497106,17.732122413873565
19.14720624,199.10766877675155,17.7300602608167
19.08828456,199.15550972561786,17.73099653905393
17.41226932,198.93855692790288,17.725912464561336
19.631607680000002,199.08081200366263,17.72918631655547
20.7640452,199.08953641829714,17.729278388563568
19.895402800000003,199.15500566278033,17.730493144868465
19.55521556,199.1436970400549,17.730135620819183
19.5212402,199.1574113290411,17.73039523063814
18.59799032,199.1093729891915,17.729263991463366
19.00020576,199.16119677891206,17.730340416747424
19.66718496,199.09551355847293,17.72870946539518
18.713661440000003,199.05615798449773,17.72775231259547
19.45309428,199.15646891138653,17.730024308291426
20.12466628,199.1318023692192,17.729416309559255
19.02349096,199.10612951542856,17.72878066744889
19.12726196,199.0733094678069,17.728014525157505
19.4340202,199.08435093418075,17.728191642998283
19.59845548,199.11107977620875,17.728684442856295
18.44202636,199.10982330089675,17.728417943036447
19.65912708,199.12805162225746,17.728791074382997
19.12716072,199.10797940010386,17.728253602630943
19.481019800000002,199.1373782915135,17.72890959317809
18.7185956,199.03343365244191,17.726477504414873
20.24923116,199.06181636073978,17.727139290839407
18.840145319999998,199.08953978931174,17.727778284563723
19.43857496,199.16308764070968,17.72941864243762
19.32690504,199.18152571712494,17.72969445953346
19.47552756,199.13955322197822,17.72871269953348
16.78022156,199.13876681801827,17.7286914406367
19.80739732,199.1508699775947,17.728926253788625
16.82496632,199.06259251858944,17.726852516542657
19.33834736,199.13182865262888,17.728246257318947
19.21997456,199.0352793600901,17.725995201438234
18.38112316,199.10858020882827,17.727421160269046
16.807864279999997,199.1078062896363,17.727174961984993
19.27479356,199.0767351809663,17.726383937117028
18.697396920000003,199.11751563475002,17.72722482736699
17.410194559999997,199.13634079032397,17.727644784198407
18.64475212,199.07481739128727,17.72620455453275
18.96376156,199.1462851815372,17.72761963082432
19.141035239999997,199.10898884322663,17.72669866939739
19.00273676,199.14979852475818,17.727577361726066
19.67806104,199.12111149580198,17.726871884321564
19.92435124,199.0870073124139,17.726067769817227
20.0415604,199.0894579176684,17.726075195386404
18.908992559999998,199.11267260836237,17.72653304188782
20.284114879999997,199.10714876771294,17.726318853743724
19.69673696,199.09569495996195,17.725971683016777
18.89536048,199.11986043081492,17.72637473784552
19.01083596,199.11269026586194,17.726190155086545
18.9329824,199.16805145349525,17.727343404176104
19.13791504,199.10017364116138,17.725496668645988
16.47214552,199.15112106994138,17.726548441315877
19.440883760000002,199.1194790595302,17.72582089013576
19.40190016,199.17932004176654,17.727177850495554
18.64708064,199.1687902870899,17.726796985434795
16.89222004,199.1108065115688,17.725390723656155
18.15644372,199.12979219290614,17.725665255944907
18.83488084,199.0893275780218,17.72473188133617
18.9476622,199.1076379351994,17.724903406100196
19.81529732,199.10865229583615,17.724764615557614
20.236600359999997,199.1263109570106,17.72505267382228
19.95975616,199.10941613152193,17.72462100066037
19.259074560000002,199.13908140081918,17.725218645296938
19.9565886,199.19747857308636,17.7264976210761
19.476685160000002,199.15754244853377,17.725564171734952
19.71734756,199.0376458498182,17.722772740224443
19.034019920000002,199.13706013020442,17.725023338135472
19.81265676,199.09295633772177,17.723745452072485
100.98854331999999,199.09138008562843,17.723689650424642
18.05329996,199.10242817895113,17.723927690895334
19.4030652,199.13049059215442,17.724540665239207
19.1455864,199.08773065818693,17.72349860654711
18.897953360000002,199.07862320715148,17.72322103609212
19.268694240000002,199.08634762096665,17.72335601547589
20.095896479999997,199.0889320937365,17.72340557391616
18.4905636,199.15215448251604,17.724806609117113
18.91688524,199.06259968117183,17.722724297387764
19.32864808,199.09282043748053,17.72340857287684
18.62625644,199.08154682144325,17.723083097183515
19.995621240000002,199.14042317770438,17.72435451057845
19.584360559999997,199.13839273308255,17.724277394740316
19.276894679999998,199.04285196454518,17.7219888373081
18.23592572,199.1713601085637,17.724865298502973
20.06264184,199.09876503575794,17.723189369445876
17.16909104,199.0962757079329,17.722967335043922
16.74364664,199.11211940347317,17.723301138749953
19.66095924,199.0901825370708,17.722731483846996
19.14867428,199.13893055736423,17.723853471230957
20.28084336,199.1212855735819,17.72331325558247
18.75722976,199.10937097916673,17.722990688454
19.57799764,199.01111226219348,17.72068087116598
19.29076456,199.02360381988544,17.720966497520795
20.26662764,199.1717382130856,17.72437549622852
19.52834168,199.05749145413378,17.721597712658955
19.44065252,199.14259116797177,17.72355709345553
16.667877559999997,199.10570445514617,17.722674505257743
19.987971320000003,199.08021236081834,17.722021852341268
16.6591814,199.11535963044193,17.72283128989053
19.37621112,199.0496416380496,17.721278895070874
16.410593,199.11029554735427,17.722573085440928
19.57962788,199.15404720037662,17.723495587112165
20.09475744,199.078680029524,17.721746649476493
19.959470200000002,199.2790213877351,17.726293151700702
19.37631236,199.09877173916757,17.72213533812858
19.5151528,199.12146724475352,17.722653025820694
19.293374800000002,199.10872385469452,17.72234425183037
19.88843552,199.11773873857373,17.722548884566756
16.784288840000002,199.110193074282,17.722374883686875
19.86622272,199.0847428862936,17.721782683360438
17.38573148,199.24595184632008,17.72538262565802
19.69388708,199.071587768567,17.721341102298446
19.121693760000003,199.22649621019548,17.72485415004727
18.954330879999997,199.1138155065098,17.72225696663304
20.0283086,199.13724524651718,17.722769290120866
100.99297012,199.11499241021957,17.722202992783576
17.842546400000003,199.11410135471112,17.722031186825056
18.749738,199.0954451508495,17.721560976673864
20.55940892,199.09773474545545,17.721579693570288
18.16925036,199.11419336857222,17.72193462206473
19.69205036,199.12948124045238,17.72225939103307
19.07127624,199.0910873779066,17.721346920699396
19.657039400000002,199.14666803877995,17.72262048241015
19.44566176,198.90951884756686,17.71686618332087
18.09918028,199.139896474388,17.722180542698457
19.6704904,199.06826188298027,17.720513842147252
18.89997816,199.08138761640137,17.720740377295765
20.206526479999997,199.15021064005748,17.722286841841804
18.79063896,199.16015197201065,17.72246098012071
19.07637472,199.13358146640633,17.721804012861828
17.51573132,199.07237447253448,17.720344213288985
16.151107,199.12133720297447,17.72104811661909
19.92120028,199.19299809314944,17.722641258471807
19.28833876,199.09765743462694,17.72044014048854
18.64961164,199.16184349749338,17.72187912135653
19.75370296,199.12694169666005,17.7209713306132
18.94452376,199.11101639072018,17.72058461634755
19.50794272,199.08875796717123,17.720036449443302
18.9915336,199.09861043593745,17.720249882423634
16.95358324,199.06948266642496,17.719546382518207
18.450270080000003,199.13551993310915,17.72098879028321
17.47988632,199.12182202397702,17.720672735540813
19.496787960000002,199.14321993165169,17.721140306885925
18.02881412,199.30672460037104,17.72481070318261
19.09365028,199.17343834972306,17.721785806163567
19.1638096,199.12615754915836,17.720701051076077
18.9010918,199.04607132171708,17.71884188788634
19.21953092,199.06855242866945,17.719251252310773
19.27203516,199.155717208454,17.721247117745452
19.5620234,199.09487174556702,17.71956404385562
19.683645000000002,199.0675055913709,17.718770754593393
19.17464228,199.07131346618982,17.718854368587678
19.0268584,199.13384254588402,17.720247668113437
20.13990888,199.12558307075744,17.720022686353342
19.57134056,199.07326520323463,17.718800856352818
18.65143396,199.0977648257626,17.7193039117296
19.6695146,199.13726563196718,17.720091097184692
19.08514612,199.11367188236264,17.71949332466526
18.89937072,199.11223421497056,17.719246769459545
18.63310952,199.19009343305376,17.720976844447762
19.11468436,199.19514920258237,17.72106814403351
19.35252096,199.13638492900554,17.719681522419567
18.5637146,199.07721637018741,17.718294796616284
17.71763824,199.14433723030163,17.719813157612776
19.394692720000002,199.0660207187274,17.71800542078683
19.5211558,199.11749270560583,17.719150419158954
17.786661879999997,199.1272611778829,17.719235215438275
19.34699952,199.12394320132378,17.71913315919846
19.36209348,199.11068282908195,17.718746844411136
19.41832696,199.06240818448862,17.717608593653782
19.67311848,199.09833427638526,17.71841780252908
19.48089328,199.20772275687122,17.720912525043627
17.53603948,199.14049633498843,17.719377915020246
19.9068818,199.11807563512255,17.71885113758508
19.15945628,199.14356215044918,17.719355732884
19.61574496,199.0456958037027,17.71703723647732
18.835184560000002,199.1092637590408,17.718504513166838
19.10028448,199.11487716419992,17.7186134115712
19.2430096,199.19619988733447,17.7202838874173
19.6943742,199.15168940262842,17.719235939023648
19.14231088,199.1183082093487,17.718171432355177
19.40706948,199.10286863462647,17.717791019123624
18.75976076,199.1231156083098,17.718185227701603
16.6502802,199.14433328023216,17.71866842127429
19.916516360000003,199.03190408360288,17.71599689847165
18.89835832,199.13085946371743,17.718225020314033
19.28590504,199.07899403752324,17.717026366722987
19.195194,199.11121063080196,17.717733133225604
19.033108759999998,199.00802047897824,17.71526131757521
19.0036192,199.06522730618727,17.716506840967995
16.410988040000003,199.15458651040134,17.718495786845498
16.89480472,199.05730281677984,17.716203032216587
19.97891068,199.00926113414698,17.715063537814103
19.87438496,199.11731836494644,17.717535685165664
19.087272159999998,199.1025246515845,17.717183510310377
18.83265536,199.0857039030522,17.716678626836067
18.84561228,199.1198686073593,17.71745704977989
17.502719199999998,199.07074203969677,17.71623583400588
19.01032976,199.12759107941685,17.717483662252995
18.962342,199.10825755598336,17.71691609871801
19.47665608,199.14870849697138,17.71784379484105
19.57690436,199.10884155362706,17.71686989468876
19.157633960000002,199.08873840744562,17.716369306500557
19.277864519999998,199.09679043815163,17.7164827917277
100.98757612,199.06447899964704,17.715730533777002
18.90574884,199.0609659987992,17.715387825801855
19.90154068,199.0997484541319,17.716265619429763
18.39708104,199.11951693233226,17.71667324823542
18.93308364,199.06918266966383,17.715493643479522
18.9582924,199.1331722763815,17.716944486399306
20.57683684,199.12774010120265,17.716746183949983
19.37326708,199.1734536732643,17.717784246742028
18.972870959999998,199.09482218200705,17.71591897278889
19.545175359999998,199.0916942383285,17.715833399522285
18.86575904,199.11401771248637,17.71634640764894
17.85392388,199.1443165006677,17.716871043877397
19.492220919999998,199.14921603820824,17.716981378637517
19.22445236,199.14088449918586,17.716728421159193
18.95039568,199.1474636051417,17.71678448794166
20.25761572,199.13393321250663,17.71643255513974
16.8249592,199.11901955829828,17.716069115587686
19.07448372,199.1703961425979,17.71721573819059
18.416041840000002,199.0974152568367,17.715495078737003
19.59904036,199.0899149154011,17.715296282016272
19.4785134,199.13967017418796,17.71643304060604
19.35535568,199.1255475425361,17.715936729874155
18.91364556,199.2301764321223,17.71819833889756
19.70491116,199.1077497284597,17.71539636201132
17.936173359999998,199.2524087050106,17.71862079213525
19.201673359999997,199.10883059613784,17.715318019991376
19.04667492,199.15342837672338,17.716322943791145
16.88843664,199.07621480009473,17.714522019553744
19.71041628,199.1359391223384,17.715849722800197
19.96185332,199.16889658188785,17.716531933725484
18.823137,199.0735619290254,17.71422897491266
19.41108596,199.14541396969355,17.71584580209811
19.16087364,199.0999642154935,17.71479012885807
19.29677104,199.13763479602878,17.715648952234712
18.86302556,199.10304937141342,17.714835385300365
18.31572856,199.16088533023316,17.716007504620396
19.7991818,199.10748294461936,17.714736888271208
19.545726560000002,199.10636211234444,17.714686935582442
18.90099056,199.25233676919743,17.717963008292255
19.24338424,199.10571672103487,17.714498965503676
16.97707556,199.0912206634604,17.714084332869394
20.22644308,199.09622359950157,17.71417714407162
18.75743224,199.14784176954893,17.715360282232076
19.69374556,199.1626407103117,17.715625619139594
17.5980184,199.0630419666057,17.713250745514184
19.05720388,199.1155398159576,17.714422849971736
19.11131896,199.12246859763852,17.714555319932778
19.404372,199.14035759895285,17.71494019663546
19.19590268,199.08246576596437,17.71358405620842
19.00395164,199.08444658967323,17.713529580375955
19.11801184,199.12954696592303,17.714537211747356
19.93566336,199.1022592315957,17.713880185463204
19.866617679999997,199.23685237770866,17.716929781960385
20.35349804,199.11393502277699,17.713979291421325
19.091423,199.16043979305175,17.715025603778535
19.699444720000002,199.0886892336917,17.713324763583767
19.55824064,199.09729852382614,17.713490920737392
19.032400080000002,199.0909809438052,17.713334236591393
18.90380444,199.0932863546196,17.713239000425922
19.09405524,199.14477322755386,17.71439274520751
17.77900936,199.13511460754754,17.714126764443115
19.23143792,199.13302907663726,17.714064027783987
18.61444012,199.1041994099639,17.71339809646759
20.507684,199.16443570814332,17.71474831980006
14.442752800000001,199.08589536520907,17.712897225712375
17.24756992,199.14199758430394,17.71409015493025
19.04019556,199.11934943644096,17.71355352443927
19.277024360000002,199.1298707631391,17.713741585319415
18.913596679999998,199.12706531184327,17.713563749100306
19.75259652,199.0747419687063,17.71228399754435
19.809949239999998,199.17896138852382,17.71463517326397
19.24854748,199.07349286771262,17.712042496448763
19.37560368,199.0890419846191,17.712304952908198
19.243087199999998,199.13690784375368,17.713405355060093
20.66380168,199.1256468668262,17.71314483085924
18.74538468,199.15635920608594,17.713839518672412
18.88545372,199.26155136575608,17.716104473365046
19.497496639999998,199.13880481613748,17.713281678314516
19.46186016,199.13049573365066,17.71306111559541
16.54184556,199.1356134293158,17.712892395267843
18.763304159999997,199.24764316484988,17.71542889479821
19.01323812,199.01576539705988,17.710104296134666
20.390535840000002,199.1451751741605,17.713062425865864
18.906085599999997,199.16063897641135,17.713356702882535
18.628291,199.08066525435092,17.711513669099013
19.54791416,199.0531674134579,17.71086888303328
20.090800559999998,199.10050660807232,17.711957015699245
18.41605096,199.08570128812894,17.71155032971236
19.49628668,199.08695174118824,17.711373326647234
19.74882248,199.0370981592902,17.71020278171811
16.76038384,199.17533202237115,17.713325675580506
19.18496876,199.13012807261174,17.712280783959386
19.44464188,199.04728343176754,17.7103227256926
19.5258402,199.09383250230897,17.711390360327613
19.76709548,199.13612637110919,17.71230610941424
20.35211504,199.27151838580951,17.715333800913523
19.06994024,199.15199560837695,17.712616101376558
19.844622960000002,199.08461565120805,17.710959050721268
18.70053536,199.12950433522505,17.71190997021511
20.21160044,199.05957995530383,17.710282341625334
19.21149364,199.20459059323954,17.71352693638687
20.108765560000002,199.15648965989124,17.71232663815787
19.17981236,199.17753592515368,17.712776936091
19.30458552,199.0665146464533,17.710159673763798
19.03655092,199.0438732615835,17.709583358709423
18.307323880000002,199.1019002517352,17.71091991919177
19.36487224,199.11361998313757,17.711084696978023
19.6025272,199.11215026772328,17.711045287193365
19.29716808,199.08420995890626,17.71030129557135
19.62394272,199.1613919832725,17.712061695656057
18.40126036,199.12982651377496,17.711298671053346
18.988563159999998,199.10195979844227,17.710644747155982
19.3905872,199.0798767442192,17.71010343092195
18.241389679999997,198.94708480684457,17.706973361971134
19.820825759999998,199.1639596181147,17.711941579600644
19.89239924,199.12337424717063,17.710933759261348
16.934514359999998,199.152278073294,17.71154083820908
19.81015964,199.12653656354513,17.710909849063647
19.69570224,199.07261078478535,17.709620431590956
16.8246954,199.14186041119737,17.711147871846194
19.118004080000002,199.08511488950137,17.709825409703924
20.17823108,199.13887840095876,17.711021245189038
19.53329376,199.04827705528155,17.70888592573114
18.97874288,199.08431022589372,17.709576676544867
19.46234644,199.12265151202462,17.710322925531763
19.61609184,199.07691279692037,17.709225424661597
18.82981884,198.99247076273068,17.707209549606993
18.592565479999998,199.05032751766907,17.708532392251445
19.918100680000002,199.09198886033,17.70949752765278
19.0084062,199.07203589214052,17.70902317621907
18.38132564,199.19545521641572,17.711852633173212
19.06991028,199.0743453203804,17.70903668712346
19.07489976,199.24215860774572,17.712837552504052
19.26342976,199.17161645677555,17.711186020780296
19.7968912,199.10563609459322,17.709582685443138
19.058566719999998,199.11429118057177,17.70978205801995
19.69774936,199.15716918035548,17.710749606849397
18.74862436,199.1339011910991,17.71020889411857
19.504611760000003,199.11074606498934,17.709590579170182
19.10883628,199.094202485718,17.70915362114547
16.803435280000002,199.1347402719542,17.70984754911721
18.37120164,199.13893685981782,17.709936081005086
15.95956804,199.05545456654102,17.70799666260029
17.14518136,199.06541603030755,17.708146405812045
19.04626996,199.0924962880029,17.708745220870735
19.74957092,199.0784818635488,17.708347292032784
20.03370584,199.14776821382236,17.709816153091975
18.87569828,199.11506623809984,17.70903700409619
19.228566439999998,199.05242205072344,17.707561165280055
19.64691952,199.13350482496563,17.709403618961446
19.09172672,199.17823992960012,17.71035028527716
16.516350199999998,199.0179399826382,17.70663332416852
19.55435184,199.1245209578713,17.709093687686646
17.938354359999998,199.0910713954643,17.708259914446444
19.14092936,199.14322680546815,17.709358064078504
17.57447412,199.13136339396956,17.709049062157142
20.20192788,199.10388808794474,17.708345481484503
18.90068684,199.0802954766168,17.70770068612008
19.99817652,199.12095344890167,17.708611369378513
18.774136839999997,199.08788341538389,17.70776647646244
19.42176912,199.15563249358226,17.709254721262436
17.08066228,198.96025876749226,17.704664094645825
19.53233088,199.0416586850735,17.706578403732767
19.72182012,199.1281790816868,17.708461680711743
19.36051216,199.16015730319162,17.7091619155386
18.927312960000002,199.06984734107493,17.707008871123907
19.053353920000003,199.09037981497949,17.707445810279083
19.047383600000003,199.10007882688947,17.70762465167286
19.80917072,199.08704632572488,17.707315034679013
19.35201476,199.15871940281846,17.708950489825458
19.13695912,199.08055339020984,17.70712812768627
16.75658056,199.0688426381503,17.706761164398383
20.01280144,199.18950967765653,17.709492454105355
19.72056496,199.10619206741083,17.70749021502052
18.051310400000002,199.12139838864286,17.707710870148055
19.40945336,199.14084476856803,17.708151235729478
18.80987456,199.1029849670829,17.70722932982476
18.279493640000002,199.11183778040058,17.70741157307952
19.44839524,199.06714483554305,17.706262645537418
18.47274536,199.10990746073858,17.70724122665583
17.04589476,199.12390553598547,17.707559475547278
18.57165732,199.14840421660531,17.708110767359425
18.79853568,199.1462032768267,17.708023911013477
18.83964368,199.0956749428079,17.70685555963858
19.00220904,199.109175423123,17.70714612497851
17.687764360000003,199.11848004092306,17.707330645131183
19.23994208,199.11384292799787,17.707097078695963
19.28094428,199.0798341297145,17.706243537796723
18.8833748,199.11770881940413,17.707076129647167
17.9419462,199.12937266071052,17.707321314744828
19.17585716,199.135903030913,17.707425612584675
18.52777752,199.16677331028282,17.70806878300564
18.9556192,199.1068158801567,17.706691029738707
18.90757116,199.10792767359908,17.70671533683922
18.7021552,199.12132089356646,17.706973917799335
19.51227768,199.091166989658,17.70620923512628
19.03705712,199.10433943555688,17.706365358463557
18.16295096,199.08632282733697,17.705945352640796
99.9999,199.11122320146004,17.7064623816058
19.820701120000003,199.12049892297495,17.70654898648277
17.33138224,199.0866358431884,17.705733817817528
19.176119479999997,199.12300490382574,17.70656319432597
19.946453,199.11189256587915,17.70627909901341
16.05255936,199.22049639559333,17.70870811414533
18.956065119999998,199.08132870890222,17.7055055648283
19.55803816,199.2269030052243,17.708814464340982
18.43155144,199.12433243088762,17.706281025021134
19.11744168,199.10867688935366,17.70587255639432
19.31416084,199.13109786733165,17.70632356676831
20.19954124,198.95875218505427,17.7022530115554
18.894409959999997,199.10657491992086,17.70571735019507
19.46084776,199.10378423911575,17.705612197676366
19.81232952,199.09664354782487,17.70543113727651
17.285740360000002,199.10078268022997,17.70550806364862
20.23211032,199.1179660828305,17.70587696949635
15.37393608,199.1413489389878,17.706363487043642
16.714957520000002,199.0439864065111,17.703923753480353
16.1384148,199.14013094938437,17.70613708138559
20.12258564,199.12814540473178,17.70584631691791
18.92984396,199.12973842675294,17.705859747198918
19.932626159999998,199.22560739476216,17.707989951134724
19.12270616,199.1186269381452,17.70551962136073
19.4794908,199.11155371808593,17.705315029907904
18.90382528,199.096103835144,17.704956587427652
18.923567079999998,199.08849463763866,17.704728057590508
18.77332692,199.0714793514612,17.704268115022394
19.83691776,199.14391006332457,17.705938642622108
19.5626874,199.14472326945764,17.705911925285122
19.5373852,199.1208321890015,17.70532097629726
16.680951240000002,199.1561854701361,17.70596884035775
18.55495224,199.12959720028292,17.70530857161764
18.92816684,199.08953439023458,17.704376139093696
18.70691348,199.0723072664917,17.703923418951454
19.151053360000002,199.15086415912373,17.705597923511704
18.967302760000003,199.09493527286514,17.704286567944756
19.10397676,199.15789598740034,17.70571545232621
18.70235768,199.05782065184835,17.70339273488744
19.337132479999998,199.11099020223875,17.70461964341534
18.98299496,199.19781755928088,17.70653864641857
19.416605880000002,199.06058180210542,17.70336168168426
19.50201972,199.09783456800017,17.704128898883653
20.261084880000002,199.16890760450033,17.70571182130292
18.787984119999997,199.1422924490087,17.70501172183755
15.2161746,199.13550624922087,17.704822005413526
19.47672544,199.1129407847375,17.70427062104114
18.87163096,199.06332683691602,17.70311102771761
18.59808272,199.06813745604137,17.70310196392803
17.57935204,199.0969590416931,17.703696501585863
19.38674008,199.08375209978848,17.70328356905592
17.83697116,199.12154387182116,17.704146797321012
20.58378128,199.04524709946986,17.70237692765105
18.965784160000002,199.1221299110627,17.704153200899174
15.96384164,199.10031895701752,17.703620594520782
18.68079356,199.11684822294018,17.703952307052763
17.291379799999998,199.1913925492147,17.705635714614015
18.939259279999998,199.11524497535115,17.703890327194216
18.1347606,199.05645697598925,17.702527253103792
19.2640372,199.1075170751121,17.703711623411536
18.48711944,199.0963326207713,17.70342707488171
19.768933800000003,199.10930287192284,17.70367707873675
19.045662519999997,199.113056363075,17.703715217437114
19.02176988,199.1403822303816,17.704262835116293
19.430974000000003,199.12765650397301,17.70386232949944
19.07177856,199.1044278539668,17.70327771772897
19.422275319999997,199.18506384080166,17.705119742404026
19.58670008,199.11038549278234,17.703407319978112
19.110962320000002,199.08550710256895,17.702768677977158
18.20097264,199.00802883672785,17.700948048838804
17.57315736,199.11745848063316,17.7034585771002
18.20420148,199.07769097077394,17.7025228745932
20.096287320000002,198.93459442610845,17.69905945513711
20.086253,199.06567807265256,17.702140856515424
16.78817564,199.00443240140171,17.70070047501168
18.89228392,199.16805930335934,17.704482851963608
18.8276928,199.12066284042606,17.7033787438261
19.516213280000002,199.09614103808806,17.7027907553819
20.06358708,199.110361086114,17.703020051212427
17.698846200000002,199.10918604318715,17.702948972031873
18.634527639999998,199.10242614481209,17.702683362939464
18.02029864,199.09691694134509,17.70254744289259
18.81962632,199.10643681921013,17.702747073229954
19.47117424,199.16616520345693,17.70403503504657
19.118555320000002,199.10155128657297,17.70255013637729
19.22678088,199.152347406859,17.70365848654534
19.92439328,199.09334814352863,17.70229849789134
18.5619378,199.10765941250503,17.70261290884531
18.91516416,199.1096953509976,17.702621053335637
18.7284776,199.07719059480445,17.70186233336187
19.02085596,199.1171617045294,17.70268903794509
19.70940444,199.15748468830034,17.70357801945487
17.93339996,199.1124971469425,17.7025378009106
19.85818912,199.17086165281552,17.703850469960727
19.325924920000002,199.24146971027469,17.70536612153608
18.00629932,199.11460450271724,17.70234957689387
18.74751072,199.09631190279026,17.701836916762637
19.56203624,199.1990272214037,17.70417403559015
18.77616664,199.14382669795512,17.702883021933275
19.03867696,199.11911254103111,17.70231241286676
19.42785444,199.13432519685819,17.702606820673548
19.630246359999997,199.14741602162286,17.702867222883725
19.46456972,199.14004249457173,17.70266135657816
19.19207564,199.12682433909663,17.702313961561995
19.3454872,199.09901733051046,17.701616603887842
19.55480532,199.106574077179,17.701682864489527
19.54828904,199.14292309119173,17.70248538211384
19.12163672,199.13920395882283,17.70240002534221
19.08035744,199.0840639420982,17.700991754893394
18.657407120000002,199.09543207666397,17.701249113865586
19.226929639999998,199.0770561917229,17.70081039232412
19.7446656,199.10722903047616,17.701496020321166
19.68557436,199.13840035512538,17.702211396881616
19.17686956,199.06745686379242,17.700555853807863
19.319111760000002,199.1111737277682,17.701522918560254
18.680186120000002,199.09239748781744,17.701071608409862
19.03442488,199.12702476955812,17.701704656165127
18.6393864,199.11773028998527,17.701480025657265
19.38813872,199.1084804670774,17.701228451088674
19.0620634,199.10671542561036,17.70116496913468
18.32341636,199.12932899452449,17.70164128749187
20.10847556,199.08100620119657,17.700515942647108
20.24311208,199.08223822447175,17.700485052760076
19.768402759999997,199.08866128627471,17.700502746752754
18.38632624,199.09535756629538,17.700652213440755
18.7558124,199.0692610004649,17.699988495093233
19.819237360000002,199.11631523405836,17.701058629309696
18.83771556,199.1102973484852,17.700916153475124
19.829325840000003,199.10028681094758,17.700673805677724
19.21010124,199.11931352354046,17.701089975790417
18.602838759999997,199.1133530502461,17.700916766417027
19.0630758,199.11449221295507,17.700928477455495
18.89481492,199.0941231399746,17.70043661663373
16.788855400000003,199.12898744978457,17.701206188023544
18.38334076,199.06066466119427,17.69952745084103
20.19186392,199.10917521216928,17.700610660745767
18.93035016,198.96581970512895,17.697161742436393
19.55578076,199.09953406677263,17.70029379727416
18.46622868,199.1111963521136,17.700552262624978
19.02632568,199.1253538838023,17.700840817035395
19.422397,199.05534138903295,17.699151434692673
18.37210172,199.15570934085605,17.701443690588455
19.38744876,199.09532560114738,17.70000141017879
20.1795158,199.11208563127738,17.700350714710304
20.099116799999997,199.14385515020507,17.700979765965414
19.60642588,199.12937824708945,17.700564714853094
19.065405639999998,199.09833086365512,17.69974022986095
19.4356242,199.11083312422883,17.699918690341086
19.23187972,199.0956076295516,17.699521001800786
18.628047520000003,199.1399622976838,17.70051846192416
18.493387560000002,199.14639904139915,17.70066255419747
16.05249448,199.1926224716951,17.70156718495714
19.99303392,199.0347244015028,17.697903299562146
18.253709880000002,199.039445204995,17.69800910790981
19.13310044,199.10576482895263,17.699510888578956
17.87125172,199.0934761529993,17.69910563035591
17.29744324,199.18220696646236,17.701093758578306
19.05247504,199.11219545392126,17.699417834791767
99.9999,199.00819728173687,17.696991340312145
18.5519742,199.12065905717853,17.699545009766766
19.13789216,199.09152052711605,17.69885229097549
17.05188468,199.13902134789322,17.699919907431426
19.30542276,199.09650514974015,17.698921532854868
18.7315148,199.10317460223712,17.69895421348932
99.9999,198.95416948998695,17.695455586364613
19.67750136,199.10466857386277,17.698926933526252
19.69914748,199.0907787996054,17.698537908190893
15.44291164,199.09226425630982,17.698570197738135
18.72928752,199.06936100774723,17.69785280295653
19.28367776,199.1594720719636,17.69984845639187
16.87654732,199.14395608555242,17.699487075320295
19.20673536,199.26957388082997,17.70230293646544
19.639685359999998,199.17585654932796,17.70014840899248
19.95367172,199.12462410122228,17.69894289552189
15.245979239999999,199.0929044887421,17.698164644523423
18.9486746,199.11413075115576,17.698642720786538
18.996156159999998,199.12697831183507,17.698878614450546
18.95363536,199.0830160934883,17.697863043435976
19.21179736,199.04764862193375,17.69702156342635
19.28803108,199.15467244447083,17.699478819517417
20.42568352,199.162031425005,17.699585700185064
20.114296080000003,199.13552274526756,17.6989767891972
19.893310999999997,199.0947119753041,17.69803319425371
19.07664196,199.12076129000187,17.698632414447896
19.71867556,199.16353408355855,17.69958896718997
18.85735612,199.11631341679006,17.698429074683464
18.11080828,199.03577521857449,17.69654726829317
18.822772800000003,199.14982966825343,17.699124736886606
17.81872528,198.96911766065352,17.694806066187667
20.31531164,199.1594546542772,17.699160320384365
20.2023264,199.0622461552976,17.69684909386389
18.56504456,199.11619802710726,17.698033968739328
16.76250472,199.1219488819944,17.69816229367889
18.621466920000003,199.10546011881823,17.697750837030927
18.661911040000003,199.1098848037226,17.697821163771714
18.885298359999997,199.11407905975418,17.69787920763433
17.78447012,199.10276200696944,17.697595975247445
16.641592,199.10483836925832,17.697632069474192
19.991245839999998,199.17429001267465,17.699182559927397
16.63777928,199.05158720831665,17.69632313465161
18.70083908,199.056757981718,17.696398882796014
19.5582842,199.12655175747145,17.6980139149576
17.682418560000002,199.16712598991035,17.698794468922678
16.57457068,199.07302847628645,17.696534486100745
18.887829359999998,199.12318362627352,17.69768558083386
19.962705240000002,199.13674147108162,17.697894902975314
19.751071160000002,199.10561052177056,17.697144984560442
16.85318116,199.11992831972955,17.697407025917933
18.430878279999998,199.107754989064,17.697108589421607
18.696485759999998,199.03096941706283,17.695315178583286
15.93239168,199.10021239458885,17.69692717952211
18.32486436,199.097991583968,17.696846199182605
14.56247224,199.03545883565846,17.695388503603102
20.424733120000003,199.09566936850558,17.696756159622446
19.39605416,199.1048851572969,17.696929717086864
19.06115224,199.11726620114254,17.697098090059512
17.54355028,199.0598202297966,17.695698009608208
19.61934956,199.13950940904388,17.697458785126553
18.855938759999997,199.18526953294906,17.698323561468985
19.339891440000002,199.08025943779495,17.69584143006517
19.83150392,199.0975327964815,17.696109979881705
19.14487772,199.10208041749664,17.696153499818372
19.38062176,199.1202221806413,17.696556411336974
19.72947192,199.14438720881006,17.697043001237187
19.49532152,199.1624859971559,17.697449080717835
19.52737428,199.14662893242598,17.697051063866905
19.79788972,199.0793734314951,17.695444663101764
20.03044528,199.10661305161076,17.69603475692227
19.237208600000002,199.13247248105054,17.696602822106662
18.657526439999998,199.0646522013691,17.69499815498669
18.84486868,199.12512109983354,17.69639709953833
19.695177400000002,199.07807923530314,17.69525167083684
19.18071668,199.1332223036933,17.696507566987002
19.75628572,199.11015390232632,17.69594507151589
19.16168356,199.1461660931178,17.69674385333831
20.04289168,199.09342947276272,17.6955302311564
19.83631212,199.12870643336007,17.696335256004115
20.09325244,199.13160736128592,17.696362069358567
17.88778084,199.12759745859222,17.69619370965937
19.26995748,199.11332695314653,17.695819883620253
18.80957084,199.13108716832176,17.69618871566419
19.566888239999997,199.1048445555161,17.695560564527934
20.02837908,199.09986196001825,17.695413729634
19.24338424,199.1412525997913,17.69634584782936
18.540981119999998,199.05670265929894,17.694343535445118
18.64839676,199.0409953277982,17.693944152611028
18.68210968,199.1057876519696,17.69544655184519
19.91007012,199.11105225531958,17.695533949251296
17.50165088,199.16137216232133,17.696686224533238
17.49087172,199.11800554255268,17.6956772899752
19.394535559999998,199.11987108019324,17.695687327455776
19.03057776,199.10079813532641,17.695207783455423
18.306352240000002,199.12315646161403,17.695718511160347
19.64730564,199.13981446136992,17.696028133136377
16.055567240000002,199.05604836089418,17.694084605087745
19.79072016,199.19672464614678,17.697302398875433
19.43469336,199.10776068179004,17.69507093741457
19.971513480000002,199.11262317575185,17.69508131233588
18.25194092,198.92466183244431,17.69064270012525
18.948978320000002,199.11956734266735,17.695219602416994
19.50832752,199.11371093346037,17.695052050548657
19.63285616,199.12691786366167,17.695249366355522
19.384715279999998,199.13081916885073,17.695319061726654
19.98167688,199.1765163994312,17.69632595683966
19.198971959999998,199.14347332811806,17.69552994458246
20.4550992,198.99892160705184,17.69214544997926
20.34488156,199.13252851747416,17.69524660171889
19.7213566,199.05215596376314,17.693366434890187
19.38486276,199.0694783792439,17.69373499410623
20.12080044,199.1340078844635,17.695216478032336
19.293906240000002,199.12026553896544,17.694821226035696
20.20195052,199.15592476161095,17.695607617277712
19.8846536,199.09157667655114,17.694117037364773
20.69078176,199.14727346529682,17.69538854257756
19.02349096,199.15937529072704,17.695505815158178
19.0296666,199.14636937908435,17.695196503889925
19.47696636,199.11470885443995,17.694458257684296
19.019947560000002,199.16474077655164,17.695558318377458
18.90939348,199.13696677982642,17.694884032455505
19.14538492,199.10529348502524,17.69413712103839
16.185903279999998,199.10184941316885,17.69405299398624
19.695027919999998,199.1281517446583,17.69462133227514
18.69678948,199.12323030038485,17.694495820707182
19.13455124,199.0949275015938,17.693790276988423
17.18313232,199.11330572725092,17.694203512926233
19.64899952,199.09710816776058,17.693821780839897
19.14801616,199.07774117866774,17.69320200265486
19.28873976,199.1145417251336,17.69403672160407
19.00405288,199.12382233490376,17.694134376084627
19.1278694,199.0943008085752,17.69343018331471
18.703066359999998,199.1256572461352,17.694115733349207
19.45398296,199.08691237631203,17.69318622662618
17.1054894,199.01147495136019,17.691347975272766
19.221821000000002,199.10498226393523,17.693505309654906
18.5558634,199.11328566787756,17.69365969202232
19.84304444,199.11590734152642,17.693665780502666
19.240752,198.98582745013834,17.690599269326235
18.70256016,199.27806913269086,17.697302683825818
16.612015640000003,199.12377403060245,17.69374637347078
18.93580312,199.11982700234915,17.693643548748405
19.302101840000002,199.13382318952287,17.693954190084302
19.853638319999998,199.09075157803306,17.69293893260994
18.989069360000002,199.10180949405603,17.6931663870002
19.24692764,199.04226441888787,17.691666393360812
20.29960352,199.19531886318958,17.695100477462642
19.37580616,199.1309270337871,17.69360181620017
18.38740004,199.10588378641,17.693016027602912
18.272486559999997,199.1055558153503,17.692953967856933
14.64460876,199.16521736100378,17.694287596461418
18.91698648,199.1450261556639,17.693763328552176
19.69108184,199.16223008948936,17.694148950369854
18.770897159999997,199.12704563000827,17.693292160853634
19.04859848,199.0973394463331,17.692574417579472
18.99048672,199.07402194179272,17.692019538459736
17.66363528,199.1230791597492,17.693059873376946
19.364669759999998,199.09685874731272,17.69243709217791
19.518554560000002,199.13812004564448,17.6933823695753
17.70994604,199.12292654602,17.69283583669735
19.78197884,199.1033042211065,17.692302594951684
19.05163568,199.093575585358,17.692057989792396
19.03361496,199.09893526949307,17.692177748782928
19.08423496,199.14094074994387,17.693138495368107
18.21040708,199.10807441712478,17.692356080123187
19.810306240000003,199.11167059851525,17.692402679933323
19.99627408,199.0662890319248,17.69120469460645
19.68149032,199.10538066850995,17.692086606359524
18.451880999999997,199.11947048456025,17.69237441981079
20.406845639999997,199.15448332712194,17.693132060253554
19.25559284,199.23191537444566,17.69485532163633
19.41509892,199.157342709958,17.693155821274843
20.129960960000002,199.1173808022461,17.69212741372281
18.5088764,199.07206767030144,17.691044227132036
19.625970199999998,199.09804218755474,17.691599035382307
16.380301680000002,199.05014218654438,17.690412546561717
19.726602760000002,199.10747032527192,17.69171081607071
18.80400264,199.0773703906255,17.69089168287543
18.968618879999998,199.07834538911942,17.690865156699985
19.64629364,199.07981890842723,17.690771987899787
18.75156032,199.166970479284,17.692774968426235
19.76572588,199.08503795806985,17.690781770676857
19.892021839999998,199.07753615859724,17.69059429567244
20.22019312,199.0755552115592,17.690504880871956
20.049759639999998,199.12824831544813,17.691712709118875
19.590487080000003,199.10283313316884,17.690979145672937
19.05386296,199.15503899198885,17.69217203492874
19.399469160000002,199.10196922990323,17.690939697550558
100.98066931999999,199.08989095630048,17.690632214786
18.93409604,199.1480243025934,17.691791066026283
18.929839440000002,199.17505906438558,17.692407018104557
19.07765436,199.10807941631128,17.69085620320181
20.10353524,199.06236191524698,17.68976759705457
19.4295646,199.06391863775795,17.689774586486518
19.637221280000002,199.1165452096525,17.69094460275858
20.164220280000002,199.16646414471643,17.692010856544194
19.27385748,199.1095560011376,17.690688106244004
18.58664036,199.12563014222306,17.690991398430626
18.47543168,199.10567733913587,17.690496504553334
18.193260440000003,199.1345006126573,17.6911181649882
18.990587960000003,199.06655207513666,17.689521876528232
19.253600640000002,199.1257651507789,17.69087688309852
18.85174752,199.07856891463362,17.689762426111706
18.604923799999998,199.14146748343467,17.69116901296813
19.220652,199.1101282765375,17.69038631627742
19.42318648,199.13774716878947,17.691011876768968
19.02804676,199.12584785346203,17.690725983131742
16.59061912,199.12159737580112,17.690498414322274
18.61124392,199.10379850325617,17.69008419020731
18.80170424,199.06649146598127,17.68918845782827
20.261699359999998,199.12078234136612,17.690400289508936
20.094499839999997,199.0857798154303,17.68949309710928
19.28853728,199.09597854654194,17.689717188616353
19.089904399999998,199.13946599671524,17.690702985930134
19.21797904,199.11265330713005,17.690073693155455
19.26839052,199.10518308952982,17.68988493559733
19.637228720000003,199.1487042814586,17.690855518812327
20.03643468,199.07388607630102,17.689070710305785
18.589640759999998,199.1301820283098,17.69012937297345
17.226363759999998,199.08270321570183,17.689000982565847
18.797320799999998,199.13325266019052,17.690095811998738
18.81240556,199.1011242698718,17.68916944559417
18.79431516,199.13137525280618,17.6898402358955
18.925389399999997,199.0932743597951,17.688781753089767
19.471477959999998,199.07420223728533,17.688203833404433
19.43047576,199.03246965272174,17.687039061289774
16.936965439999998,199.14367960505407,17.689528422048394
19.2139234,199.11907423805127,17.68890498180402
18.7832422,199.1163933983774,17.68880234225686
17.88687552,199.09715949244716,17.688261362220363
16.69590624,199.16396504848532,17.689764865991382
16.87534564,199.08626196623635,17.68797691546616
19.830337,199.0871107228731,17.68792353701211
19.16563192,199.07889778928794,17.6876718158822
19.3541408,199.0832950152664,17.68761932754384
19.171807559999998,199.11770082224436,17.688356416028288
19.40719056,199.04320844617592,17.68638080329699
19.42055672,199.1758879553956,17.689339473747054
19.201673359999997,199.11593971301969,17.68794139412323
18.85411644,199.11494936650465,17.687828118089552
18.846624679999998,199.1380373355235,17.688337368490732
18.7667198,199.07469106734226,17.686776012021095
19.56917456,199.09485157527394,17.687227601686132
19.16410816,199.05404716839163,17.68624970615159
19.07006136,199.13286061110423,17.688004461397103
19.35421028,199.11436796986493,17.687534734508553
17.0592974,199.13021420872468,17.687842169169546
19.316013639999998,199.11686210594618,17.687514738212446
19.13627232,199.1309563924611,17.68781024954894
19.63498056,199.1374425994874,17.687869142497295
19.43628056,199.1060830641808,17.68713542614149
19.703654160000003,199.12825759368278,17.687631996955865
20.15752884,199.0926156809869,17.68675473971456
19.92565968,199.11160130724255,17.687029572118636
19.04869972,199.11681615588154,17.686993667935837
18.74936236,199.11972769185246,17.687040210582186
19.60354844,199.11838956504928,17.68700598325405
19.44768656,199.10260470566914,17.686600122974163
19.49071356,199.12091591376495,17.686958148519228
19.9803276,199.06524419297872,17.685608982050365
15.31507896,199.11902035682328,17.686851802053987
19.620745399999997,199.1161579692793,17.686751680702137
17.894122,199.20430858159912,17.68867173125356
19.759828480000003,199.10825839308075,17.686378355232502
19.087575880000003,199.1075822205455,17.686340180014962
16.2898842,199.0492747528973,17.68498248708172
19.85644696,199.13416777887608,17.686884466375066
19.56887084,199.0939756321162,17.685932653268527
18.0980072,199.10462639948292,17.686091238500616
19.871111080000002,199.12601578982242,17.686477741810197
18.91797556,199.07298549123666,17.685197173048813
19.14506892,199.1992231419378,17.68807869919366
20.00123224,199.12798490931507,17.686397144318967
14.551105320000001,199.1498653111694,17.686871722482223
19.39848392,199.0684361033787,17.68497315894917
18.941385320000002,199.0649536448613,17.684881585676596
19.559253039999998,199.08156714872487,17.685220336780507
19.234070159999998,199.16771065908017,17.687156238945025
20.28897948,199.10668975359224,17.68575367549291
19.46295976,199.1164846472562,17.685961301749874
18.11152548,199.0994057197603,17.68555409712434
18.8532698,199.06662146284734,17.684789211906935
18.976616840000002,199.09518165882437,17.68530378210788
18.9628482,199.09393929307384,17.68523985361402
15.1099834,199.0864677666646,17.68497616004393
16.626610239999998,199.13293976847189,17.686037150272835
18.58755152,199.1793219278483,17.68709533332044
18.037107839999997,199.05971511759225,17.684324604937416
20.68694332,199.12980346780532,17.685929610568714
15.96849364,199.10224924227043,17.685287210121903
19.27110188,199.1221061783614,17.685730157724944
17.614016799999998,199.08073854421528,17.68475510145642
19.49861028,199.05600174595216,17.68400467275105
16.63568836,199.17417605351795,17.686716582457535
100.98156211999999,199.21377118147717,17.687380066697877
19.64633932,199.12525464467745,17.685167971864484
13.63338168,198.9517288192271,17.681031236913785
19.03918316,199.13278451163632,17.685212365401167
15.54204756,199.11992273438938,17.684901732400647
18.74727264,199.1143796785899,17.684688033033627
20.03632696,199.1644445480711,17.68579090884504
19.5881712,199.0905314433307,17.68407905186664
19.640645,199.11795679150737,17.68471227757734
19.674373080000002,199.14247279337496,17.685120581568043
19.570591920000002,199.07688007497634,17.683503479720063
20.21822516,199.0634516727381,17.683093388114653
19.138777400000002,199.13562477898554,17.68475883387298
16.977246920000002,199.13238297885556,17.68457525838706
19.81524692,199.14835070978074,17.684855739244238
19.13910704,199.12871112542356,17.68439725559896
19.882328,199.11248244115396,17.683946638847512
14.003257000000001,199.1113467730725,17.683775878447403
19.14092936,199.11031769633524,17.68368654945523
19.439513480000002,199.07001686476684,17.682740910785654
18.51273516,199.11578867198207,17.68369902364752
18.54432204,199.03398579534374,17.68176272422867
18.62925612,199.10327160287486,17.68337152452942
20.01778584,199.09912961608487,17.683253063084226
19.94127364,199.0596470620191,17.68232730473134
19.57018696,199.2006670868905,17.685498118389358
18.416990679999998,199.1499860092131,17.684333894074435
19.32207412,199.1308716688945,17.683888025674733
20.21391668,199.17652189850574,17.6848269809644
18.604357359999998,199.1034360108221,17.683126124023975
19.708499839999998,199.10654490641514,17.68310838500889
20.031278959999998,199.08827877970293,17.68262689027226
19.29789516,199.0907318626486,17.682591355244405
19.12655328,199.07414972296402,17.681825669716005
19.34472548,199.1109747300209,17.682592615253775
18.49785288,199.30321967987177,17.68688630196929
17.65776632,199.06455771576867,17.681464808074086
20.393524120000002,199.14349443774847,17.68326472820309
18.78557696,199.10441451455927,17.68227335300255
19.7653566,199.06990232949443,17.681351663415175
19.61209604,199.0993872820649,17.681881615979457
19.8090404,199.1162632233597,17.68225796149733
99.9999,199.05729376618524,17.680736656218755
19.5413726,199.07431452799082,17.681090496822012
19.215149,199.07221364007407,17.68101604859485
19.36851688,199.11659077659823,17.681968120986504
18.914354239999998,199.11836322966877,17.681961301142152
18.721492039999998,199.10068424650535,17.681324829542287
19.01913764,199.13280081897332,17.68192934326604
19.81543052,199.15150828311056,17.682344885527677
18.80278776,199.10725937569575,17.68112895999156
20.54146308,199.11743412284687,17.681345309582344
19.223743680000002,199.10020726166377,17.68076222962779
19.785444480000002,199.1272798062157,17.681359826964062
20.346141120000002,199.0851386496437,17.68023575602968
18.83771556,199.12935713593032,17.68112563429329
18.54594188,199.0334798520499,17.678878228846468
19.79129964,199.16323051542312,17.681864227211314
19.15409056,199.13016214254492,17.68109362003994
19.59569944,199.08400105760853,17.679992676473567
19.402503080000002,199.12011405889498,17.680815446445806
18.652446360000003,199.10303228671637,17.680420898230594
18.836095720000003,199.17040398837253,17.68192468084386
19.18699356,199.1127722279142,17.68059053553824
18.936120839999997,199.19509386000223,17.682412866769674
18.746858760000002,199.09103356704424,17.679973011295925
19.77547012,199.14413038942635,17.681092901914553
17.46375452,199.14703864585715,17.681153911489332
17.80080076,199.12642923678402,17.68061410374214
19.14690252,199.09785504675918,17.679808606734113
18.312109200000002,199.1863496426124,17.681681965807517
14.910272359999999,199.159206959529,17.681038065087687
18.872146400000002,199.13018703073104,17.680347932921535
19.969785839999997,199.13670099390907,17.680466769683324
19.891467919999997,199.07225692040632,17.678953243305642
19.7706928,199.0857227402145,17.679173502919603
19.203698160000002,199.06175513815438,17.67855042535568
19.079679159999998,199.12591247648473,17.679945479349385
18.44446432,199.13917451004374,17.680174436987095
17.854154400000002,199.09913982462444,17.67917674762919
17.49869828,199.10222697817255,17.679230318258135
18.81063752,199.08482630034425,17.678779201789553
19.64761764,199.06471722318693,17.67828474047921
19.497162279999998,199.1172188683561,17.679442358119857
20.00201132,199.10623992730584,17.679166323440853
18.14380384,199.06573205590135,17.678134909867104
20.04097884,199.18138033017144,17.680762904395877
19.07802012,199.13691564782795,17.679712242256763
18.74376484,199.12111333722967,17.679299062118425
19.33871648,199.1456178460598,17.67975164783267
19.158241399999998,199.06119020158118,17.677748153517626
19.26393596,199.21332745552067,17.681202097699124
19.587166439999997,199.131626048689,17.67932565121851
18.90746992,199.10116962405488,17.67845521687341
15.62486412,199.15129412614064,17.67956129875268
19.024807080000002,199.04822828957393,17.677165603446532
19.36402432,199.1413805127725,17.67928937698401
18.72747832,199.09690125193055,17.678256906896806
17.20695028,199.08127452830857,17.67783713244967
19.64632448,199.09520720760165,17.678157278196867
19.71241696,199.09071524833672,17.677964004013376
18.99261276,199.04614180585622,17.67681101109813
19.38755,199.11860075612606,17.678370854418255
16.44629884,199.23216865842068,17.680938689138586
19.670414559999998,199.07049503401612,17.67718333631336
18.99160036,199.08201402721267,17.677418230464458
19.755803519999997,199.03057031483056,17.676201867164753
19.469858119999998,199.1391226732944,17.678697753336113
19.34290316,199.07884199587957,17.677222412317064
18.9339972,199.11763588124285,17.67798908917173
19.51971068,199.1116733461785,17.677648616821113
20.86018612,199.09423997599342,17.677146886320635
18.9815776,199.1012445608978,17.67718684492803
19.5645728,199.111640961697,17.677387583832132
19.55915456,199.05731746911374,17.67608937585462
19.80175852,199.12502208626745,17.67757644216508
18.034882359999997,199.09601094960593,17.67687842892733
19.08342504,199.17974678728154,17.67877068665627
19.13323512,199.07407188930307,17.676215197150192
18.80008644,199.0960575284267,17.67671979490153
19.54110028,199.12611130782386,17.677356293869618
19.23007936,199.13416849470485,17.67743416786167
19.31758896,199.14911045147392,17.677766034603533
18.67269436,199.09613802105855,17.676466342577463
19.41632332,199.0615607700899,17.675620298948033
20.302245879999997,199.14172626249416,17.67740122014451
19.98501564,199.15140510760602,17.677622261035356
19.85957624,199.08955260647812,17.676192458389327
19.71297396,199.1696307349071,17.677984164687807
19.41365204,199.12149948540068,17.676873689580237
18.92457948,199.19572152815076,17.678410642231533
19.3372594,199.17336884743975,17.677850035045452
17.37473576,199.09089138640604,17.67586335020147
18.741638799999997,199.0835633021169,17.675517179248892
20.258095439999998,199.10653680493976,17.67603626488127
19.14720624,199.16446433196361,17.677287017893953
19.78657324,199.07091716450395,17.674981887824654
19.42581436,199.08284657134848,17.675226678700948
16.9204614,199.09292838768337,17.675460303210034
18.67934404,199.10919598642874,17.675770397053945
19.25907644,199.12732590537436,17.676138755431772
17.620683839999998,199.06038817994587,17.67444927791479
19.475245960000002,199.12644278761934,17.67597140791222
19.9840214,199.06283774197212,17.67448570520385
19.63868332,199.07203222352084,17.67468708818264
19.201673359999997,199.0830441233223,17.674799799372664
19.32467996,199.1530198969092,17.676389830897367
20.08115596,199.09088982324133,17.674923885021688
19.5400214,199.13353404700166,17.675890957344134
18.68181008,199.105699353081,17.675211959400254
19.400609959999997,199.1120731931314,17.675130821261163
19.16056992,199.0705424009042,17.67415364621124
18.80831616,199.11831686463458,17.675258768341177
19.141840520000002,199.0183978145796,17.672876495943896
18.964503039999997,199.06706974881837,17.674000746280672
19.9625348,199.1420168235388,17.67568852892662
20.00494484,199.12216823419686,17.674796580657585
18.894409959999997,199.14467993855382,17.675270596760733
19.847801880000002,199.12964564509952,17.674865905096425
17.15226032,199.1543153901044,17.675310740631115
19.52648692,199.1316047598522,17.674738189355605
19.93367516,199.04344330049622,17.67248409910754
19.00364792,199.07649539488864,17.673248378671836
18.4399436,199.1538332097288,17.67495910969099
16.61264728,199.09134525099924,17.673372661835646
19.7561262,199.1786813861898,17.675333241905967
19.49273836,199.09217912809098,17.673334000351844
18.43870304,199.14943882893186,17.67458998124101
16.0780946,199.11166987291054,17.673698598396623
17.701510759999998,199.15528764093136,17.674664895117534
18.63260332,199.06558418608734,17.672557396935606
19.71943976,199.08338994423377,17.672861630958213
19.08676596,199.06276843665609,17.672378206582657
19.61283076,199.10940146876666,17.673453335909745
19.82966088,199.13344419247915,17.67392894394631
18.76229176,199.09141435786816,17.672815213248285
19.04495384,199.12565934512727,17.673574224078074
18.742145,199.10197035209896,17.672983437608707
18.73293216,199.14075154817502,17.67381894608071
19.62894568,199.09539429493924,17.672423292962943
18.87922396,199.09659225213215,17.672421354744476
99.9999,199.26562444759176,17.676200977673187
19.86200476,199.11028152432056,17.67252769169813
18.905242639999997,199.0813310006418,17.671759474204386
15.667840759999999,199.16800469624292,17.673682258125638
17.039316,199.10078728665712,17.672114402303407
17.60018632,199.11778447940472,17.672367418671637
19.02197236,199.0859913317224,17.67155449579405
19.0929416,199.1324849526445,17.672455156398875
16.72346692,199.1475781358408,17.672696884832725
19.52635004,199.05177641658588,17.670465153048582
19.10802636,199.11632561421084,17.671932576649166
16.765194479999998,199.0843810445959,17.67114728349595
18.86808756,199.104952948634,17.67161832617869
19.41685264,199.13496111642496,17.672301778864473
17.08599928,199.12882582207723,17.672131878712662
16.402003800000003,199.1427280291913,17.67224700376835
20.12856336,199.06692447102284,17.670446952832048
19.36112636,198.96275674351944,17.66798902053421
19.218479199999997,199.0417673615063,17.66980748664561
19.5241724,199.13352471086714,17.671650110683263
19.61695984,199.12623991397814,17.671423940684882
19.27411008,199.10308624338612,17.670875418376713
20.31041796,199.08240313735817,17.670350541574244
19.30746916,199.0381095962764,17.66929630301168
19.249256159999998,199.03347629507383,17.668946918933457
18.97869524,199.15373190833498,17.67156991651128
19.00071196,199.0614028047136,17.66929205445444
19.15348312,199.15801981214707,17.671421881988273
19.724718,199.10892868338553,17.67017030081008
20.09838252,199.0121357806937,17.66788806295114
18.99596204,199.05377628490183,17.668817141288653
17.75952696,199.04367616529484,17.668521413346955
19.561357280000003,199.07770254770082,17.669269287979553
20.600499799999998,199.13026002497847,17.670208711539793
20.091029119999998,199.11254946939349,17.669755768779044
18.9410816,199.09694380486968,17.669000510765212
18.84611848,198.9258769678639,17.664880083438046
11.45513028,198.97167890072487,17.665963359696814
19.8503056,199.0106454095872,17.666868943731597
17.89961576,198.98807255865373,17.6663328779442
18.867299,199.12451691974442,17.669327055279044
14.68200148,199.1102720625904,17.668777027751045
18.76276648,199.14972436068993,17.66961308469861
18.976929119999998,199.00026162189786,17.665860114603625
19.922197240000003,199.12584244732065,17.66868870312598
18.31109764,199.11661839362634,17.668390260314382
17.347587840000003,199.10982981566042,17.668214294910303
17.95156184,199.3065906055201,17.67261994208772
19.04829476,199.0808559245679,17.667476830732646
19.91379356,199.14857615081132,17.669021880749607
19.67555308,199.1039731688137,17.66799632790991
19.72521792,199.0730673936005,17.6672490548092
19.08514612,199.1118435515289,17.667957227144097
19.048800959999998,199.07818125413826,17.666906580526724
18.74637496,199.08834547194994,17.66711882931245
19.2225288,199.17310290235136,17.66898930375332
19.42058508,198.928752988506,17.663269649086047
19.06854276,199.120004156911,17.667665700545395
18.976774080000002,199.04401495192064,17.66586766807377
19.306029040000002,199.11196720795948,17.667390711447368
19.86879824,199.08422763242197,17.66672635874236
18.89086656,199.07826794548055,17.66645665675627
16.37270584,199.0915213517443,17.666671236124145
19.24115696,199.07411045342812,17.666070128185613
16.48248664,199.14748722373648,17.6676884307571
19.06094976,199.10151735003097,17.666577887991064
19.09756528,199.04417722431916,17.665126528913138
16.6434278,199.12333922154065,17.6669282680556
18.780000519999998,199.10226800464906,17.66639823534047
19.096889960000002,199.1198321347419,17.666679873300694
9.605506,199.21113037589072,17.668593229595864
18.32614984,199.07055986893258,17.66534629228871
19.8037414,199.12190862233214,17.666488583392894
19.2832728,199.01361698626107,17.663941027996774
18.80344808,199.05633716115022,17.664903833246417
19.49916292,199.13837762813318,17.66677261267831
19.97901616,199.16702791240144,17.667373827774227
18.91708772,199.12003376892517,17.66616601889712
19.72898596,199.1787427442922,17.66749051263485
19.72229256,199.08453489956878,17.665271542858324
19.07785684,199.11715862169822,17.66601128415501
19.42966584,199.11795215529588,17.665913851125698
17.9080926,199.09838869549546,17.6654485292062
14.16528924,199.03357197839884,17.663863923038964
15.099428559999998,199.0338305700508,17.66375505222435
20.77440504,199.1291124868052,17.665945952359493
16.743095479999997,199.1168086861302,17.665642341373186
19.074110960000002,199.0608655612114,17.664306767435157
100.97780492,199.10099427528812,17.665161434426725
19.06297456,199.08094474324997,17.664579310480597
18.85077552,199.14889269667628,17.665981922577675
19.73222212,199.09699261842744,17.664709368989808
20.32668276,199.05080941160384,17.66362648482412
18.92073236,199.07829111917434,17.66422585244535
17.93033424,199.11210719952683,17.664905190698015
19.06773284,199.0845870633813,17.66412983715779
18.978236680000002,199.1664259567436,17.665976027361328
17.42467224,199.02772634555564,17.662713134556782
16.91393176,199.11683128190492,17.66477438494205
16.78899056,199.08841888454452,17.663864080886487
14.829521680000001,199.10214114930605,17.66387863175987
19.84156684,199.0879650290753,17.66328765108015
19.60382832,199.15746602475346,17.664815300532883
19.70207056,199.07296465236908,17.662805013411486
19.73783184,198.92701775558393,17.659351280520774
19.97876848,199.18467302579606,17.665333190352175
19.56453064,199.15353044761207,17.66443130369683
18.96345564,199.11451273930027,17.663484544150126
18.996358639999997,199.06029630441475,17.662113021315918
18.94098036,199.05387439361368,17.661866614233684
18.7745418,198.99775082230124,17.660461557493083
18.792461279999998,199.10733263992196,17.663012963532495
20.241462600000002,199.04120789636207,17.66132645419199
20.044842159999998,199.12410599799227,17.663189529985488
19.63741032,199.09014174218487,17.662395781705836
18.762393,199.1476564988435,17.663630906423172
16.87027792,199.20507690100266,17.664910294044972
19.42834972,199.08239746093108,17.66207834253893
19.03262776,199.08087996024895,17.66199932977065
16.57624756,199.09700272625622,17.66230328572119
19.5764304,199.1186713696459,17.662770156993243
18.58141372,199.1646238636252,17.663724503108405
19.01569548,199.09217155895158,17.662049007374193
13.87873004,198.90345808716054,17.657582702096697
16.551363600000002,199.03500142120544,17.66028906655927
19.61489644,199.08157944564226,17.661294747974047
19.74071828,199.12686776923252,17.662298852140005
100.98727355999999,199.10933169281137,17.661637325515198
19.8511552,199.1975903799613,17.663292383100636
19.2011402,199.11151830428224,17.661312507551106
19.86914048,199.08944427665506,17.660780945268023
19.458572,199.02119193760927,17.659110714981978
19.40615108,199.1641622398251,17.662295667589795
19.695724560000002,199.096404524304,17.660650989028863
19.42477892,198.96580693316972,17.657553866476487
18.6332118,199.1170419316701,17.661047727469676
19.28264748,199.10508149895844,17.660469007968413
19.706315160000003,199.07472152229496,17.658788223771946
18.30358408,199.16045950728068,17.660551768957074
19.636651960000002,199.0585308658774,17.658079447603214
19.58537296,199.23254403849964,17.66198998367432
19.21075364,199.1484212152098,17.659832927902563
18.13548932,199.09862770805083,17.65852651316762
19.23032428,199.1057014069017,17.658503469869363
19.67681648,199.10169057331834,17.658357866579845
18.604357359999998,199.11902363128428,17.65864742258501
19.01336696,199.05024148035145,17.656982085795466
19.309797680000003,199.0471658530221,17.656854728487666
18.81473408,199.09000056715755,17.657564721953346
17.47576,199.11860062212068,17.65815056818535
19.87267264,199.21795404208308,17.660381000166478
16.69905376,199.1127305034993,17.657930067818803
19.240043319999998,199.0767256533928,17.65686355056751
19.01863144,199.11446293967867,17.657476174382534
19.632125600000002,199.0796245253253,17.65660612802555
18.92771792,199.1897067443285,17.658980991487724
20.18389776,199.11763377807225,17.657315699908352
19.64546424,199.0739950815071,17.656270906583988
18.406635639999998,199.1056225835663,17.65676987728942
19.58708756,199.12629745936596,17.657191390572304
19.47082028,199.115157874796,17.6567866644342
19.68705276,199.12374591292775,17.656579830209687
17.74814284,199.0797971759021,17.655504130904326
19.927324799999997,199.08612542557475,17.655523757035123
19.106001560000003,199.12742828278695,17.654937066882987
19.247737559999997,199.13310248099393,17.654470862240853
19.13313388,199.10488262861114,17.653640537580856
17.51917924,199.09510408393436,17.653307422768613
19.45475136,199.1126488101611,17.653703814315627
20.427332999999997,199.08971309307108,17.653009891029008
19.0185302,199.1122048263331,17.65292474408074
18.44082524,199.21700246204531,17.65515301080411
15.711069,199.09506223616495,17.65205411713972
15.21169444,199.0758042367276,17.65157333421416
19.32417376,199.18521781836563,17.653909197362008
20.15740392,199.0825819052225,17.65140960512242
18.30414244,199.08892383610637,17.651295198406064
19.739497760000003,199.11978676278608,17.65162463271496
17.228652399999998,199.25902991396424,17.65448296309811
16.60230792,198.94835473333666,17.64722189478175
18.91131704,199.1560980525588,17.652010836058267
20.02695932,199.12914735073747,17.651142542305227
19.73947852,199.1892998581877,17.652493934925452
19.91895876,199.0777054125817,17.64970689129154
19.39493392,199.06215641619602,17.649124402307017
17.71243404,199.08228406312261,17.64958885446646
19.80233648,199.11032340482757,17.650210725387353
16.925235320000002,199.10365898849324,17.650043326004674
18.73941152,199.2402445142554,17.652983920313993
19.636332279999998,199.12063699955593,17.650248847423914
19.35657056,199.24712702810592,17.653020773899534
19.837080760000003,199.1029069197917,17.64965243891077
18.78223604,199.08227171184848,17.649172397732436
18.136116,198.9224555111129,17.645208812270692
18.41458144,199.0510099708856,17.64821502567734
20.03518724,199.1194110095565,17.649613213034396
18.595826239999997,199.21099768500358,17.651609622117824
20.11086448,199.04711669978312,17.647704404647847
20.11786048,199.11355936326046,17.64906761717055
18.75094636,199.14548934322139,17.64948441786944
18.1493848,199.1292266257992,17.649083439118026
14.55389012,199.08846215004849,17.64813019178916
19.10782388,199.08941534099102,17.648020488670824
16.50173516,199.25514963884345,17.651649078092714
19.46763084,199.10223894804514,17.647860479563942
20.70033996,199.12816714673076,17.648179538156317
19.63781304,199.0909842792072,17.64730618152574
15.26895752,199.09229510665259,17.647249502181943
19.1653282,198.98556990054811,17.644506731876287
20.267231640000002,199.08777662696988,17.6468000056177
19.34898644,199.10581044022553,17.64707485846735
20.01925716,199.14719878134275,17.64792561166222
19.21564448,199.08702323724268,17.646106459513867
19.2945968,199.01975977408662,17.644343607058282
19.25168592,199.25340529031655,17.64950237546711
19.58875264,199.05633070131236,17.64477371620566
20.20942744,199.0630014331929,17.6449218234656
19.44625632,199.15683424717704,17.646542940793122
19.23967144,199.0893042567525,17.644988112466606
19.0059302,199.2061610013708,17.64741193921675
19.55630128,199.0961151051508,17.644890461667565
19.68015956,199.05245233241573,17.643648697769127
17.11974216,199.10065974796626,17.64468955189602
18.28595408,199.16424518430335,17.646103820485703
19.86904652,199.08838449274734,17.644212109918747
20.03916592,199.1852478358595,17.646404282244468
16.969282240000002,199.28648417979457,17.64854208512623
19.58527948,199.2286270932352,17.647055035635933
16.68422344,199.1578951635018,17.645385242180314
20.100944480000003,199.15690715151447,17.644412367217534
19.873023160000002,199.1082550162435,17.643065264080235
19.626456519999998,199.10694128615253,17.64288921980764
14.98431784,199.22269476145203,17.64550432304407
17.95950972,199.22232053049362,17.645357626715636
19.794247600000002,199.12952888977736,17.643034426342865
19.10640524,199.13876683472756,17.643190906830714
16.51971868,199.1898442005529,17.644316785750664
18.906761239999998,199.1227730323051,17.64274451363481
19.64910484,199.07314954733891,17.641198720125715
19.62553956,199.10637894544905,17.641661025052912
19.63508012,199.16058107440156,17.64227137655458
19.49061232,199.10642314297542,17.641006251472486
19.46570728,198.9616681868438,17.6375346377301
19.38115688,199.15838182238548,17.64182646453324
19.679232799999998,199.01523968506825,17.63843098767038
19.271427720000002,199.11479199694153,17.64062435938216
19.6584442,199.06949746663258,17.638979757740586
99.9999,199.30475493761315,17.644311912764557
19.5779576,199.03583922214528,17.638136120382175
19.1260178,199.14976979710644,17.63999932173297
17.59632716,199.2182663875687,17.64096003108396
19.01417688,199.13796423381447,17.639061196662343
20.16289712,199.1048677301577,17.638054124062183
19.8671322,199.13959586915027,17.637682936377747
19.92989352,199.04687534637594,17.634756463689136
19.16117736,199.101903225084,17.63585491055167
19.20066096,199.11700020707818,17.635927207824363
19.16269596,199.12009602915165,17.63599675568348
20.03716676,199.09805804490415,17.63547302781183
19.52513516,199.2833856597143,17.63960311945489
18.94290392,199.0785355623201,17.63451931266683
18.53274824,199.067558160625,17.6341651632346
16.62688736,199.1717753664173,17.636251292486296
20.035424,199.18746550479796,17.63653331593486
19.447508359999997,199.1252920523493,17.63497086908189
19.394535559999998,199.1216757185553,17.634484558605326
17.816005280000002,199.0683674607462,17.633101902821362
18.8592058,199.03829156531552,17.63238713997659
19.72609656,199.1567743619199,17.634930763619586
15.79460052,199.27829538747184,17.63765891423868
19.09132176,199.06090701437768,17.632575066892123
19.23754104,199.1671385338484,17.63500378375721
19.53856008,199.08707525842578,17.633128333221016
19.978536520000002,199.14578235756352,17.63391966212342
19.25836776,199.12007172048237,17.63298935610081
19.923906000000002,199.16060445585373,17.633791104445166
19.27203516,199.12833905391244,17.63288511566607
14.84422584,199.2401810163854,17.634698600299856
18.94907956,199.17394508320263,17.633165314761076
18.661947840000003,199.10264761590824,17.631478873974523
20.085401519999998,199.1349795267667,17.632114973685642
19.09646324,199.06267914149745,17.630175800803123
18.815804840000002,199.06796304292914,17.629562929971563
19.81654704,199.1307000208195,17.630800771497853
16.65267364,199.07440973273873,17.629111404493162
19.51470744,199.04994079517206,17.628360143642503
18.938044400000003,199.12716163601917,17.628888829083298
18.89228392,198.99763399422665,17.625513606627152
18.91506292,199.184767663961,17.629674144642575
16.16530612,199.1930799158848,17.629829308942846
19.635486760000003,199.1217659570021,17.62814186206541
18.962544480000002,199.22680229165948,17.629942045938822
19.45527956,198.95389228370283,17.623109246265347
19.19185308,199.05562863982115,17.625315718729166
18.31320916,199.087892980411,17.625817931941068
19.573444040000002,199.05273050699546,17.624813715828964
19.209167200000003,199.16797234982434,17.627131979730727
16.16105464,198.90655746439336,17.619131221792504
16.07992372,199.22505673161982,17.62622852890261
20.01695856,199.17086180958478,17.624994189340725
16.6697968,199.1818777736931,17.625019515713063
19.87317776,199.1161941323176,17.622293250706182
99.9999,199.12596894229898,17.6224034437879
18.8538162,199.03646720215644,17.620141090088758
18.64515708,199.10295383342927,17.62163321370086
18.13953824,198.9088810866792,17.615558893636628
18.2463482,199.10467807984648,17.619195385318488
18.56122912,199.1173712157022,17.61910429607839
18.21749576,199.12449196268588,17.619023360848704
16.8100226,199.0460254291765,17.61715526450117
19.28873976,199.13361813732132,17.619016896313227
19.462366359999997,199.02151426118903,17.616346714250657
18.8287052,199.02545035297703,17.61629214831896
19.4495756,199.10591926436746,17.617343094497112
19.6778722,199.0480011246314,17.614505202949665
17.1984472,199.16054484237955,17.61677402613568
18.934804720000002,198.9847393261361,17.61236036158612
18.79144888,199.1119063201445,17.61437587871739
19.312733639999998,199.03938833899653,17.612381161504604
99.9999,198.98154266680095,17.610408172304915
18.868593760000003,199.25884941937792,17.616670841121742
19.32599608,199.1675644071117,17.61413241640057
19.255310320000003,199.21894432061484,17.613248261600784
19.34087836,199.01999240225237,17.608556353928396
19.85831352,198.92676379565708,17.606082295217238
17.025143959999998,198.90254468874593,17.60309449621795
17.730368040000002,199.10046999106424,17.607676210232963
19.072389880000003,199.22759403898957,17.610156653670284
17.53266888,199.045185520188,17.60549481968316
19.55905056,198.99724542468059,17.603845096062717
19.59171188,199.1148763240307,17.606399156676737
19.58227776,199.29584662463546,17.60840415727665
19.46692216,199.17869450949058,17.60315049275197
19.23801852,199.0984859905934,17.60024363565376
18.72533916,198.96994234906055,17.597024902388362
18.09390528,199.12693048930365,17.60056881044277
17.973328440000003,198.97039592394196,17.596677271084292
19.46753232,199.22300926838173,17.601927781679034
19.05436916,199.06839602140067,17.597641293686667
19.08828456,198.9936071023621,17.59436466972682
19.28337632,199.17380787861356,17.59799765019318
14.991038679999999,198.95668334667062,17.59217417795558
16.25860544,199.12101629692944,17.594746494811567
18.04509816,199.088089401363,17.593911326721766
18.89595224,199.23562151265455,17.597225357567968
19.23224784,199.20787175074972,17.59609679862993
19.79443356,198.99187174316882,17.590041618641074
19.17060656,198.99472255289228,17.58973631796564
16.1213914,199.13732015977556,17.592998970104507
19.22850196,199.15045947635065,17.592329477366953
20.2053234,199.0828878751018,17.590384306471247
19.49111852,199.10011368409312,17.589182757050374
17.215017160000002,198.97149161908803,17.584122049588558
19.93465096,199.0363051161687,17.584612221814602
19.59853416,199.18428086959676,17.587862274401076
20.06445004,199.12698080701833,17.58582854756133
18.99139788,199.14691453425067,17.58589829582545
99.9999,198.93028768659892,17.58011005357918
18.58097092,199.04804011793087,17.578391097657953
17.54756872,199.1028667004815,17.57941875482714
20.5077954,199.19211608670062,17.57841002939314
18.96467052,199.22292912212828,17.57524114733113
18.93257744,199.28245096833672,17.5762486382355
18.69218544,199.18122474705024,17.57347290840935
18.481148280000003,199.22418220384483,17.574354778265576
19.60055896,199.1662282761359,17.57293870261564
19.01184836,199.3056988351322,17.574176760696556
19.66940148,199.16111876199903,17.568580652194736
19.56577868,199.08606596529563,17.566007664842502
17.90906536,199.17152817086586,17.56754914695156
19.857809800000002,199.02361355889826,17.562950167989616
16.746232680000002,199.13021795914966,17.564317446488023
18.72169452,199.0827768365723,17.56276612272729
99.9999,199.26295267523085,17.566038740237953
17.923132120000002,199.26454441575405,17.564813348834928
18.437525479999998,198.968944259398,17.55715931883772
19.16198728,199.1206914783937,17.560432263700534
14.33609692,199.16320514260667,17.561182708264724
16.693460920000003,198.944092836292,17.55540785476138
18.203042,199.29200744556124,17.562864795146382
19.109038759999997,199.30392988195692,17.562392552079526
19.2321308,199.12621712299077,17.556021405349668
99.9999,199.13931805773612,17.55185808899029
18.9081786,199.0014294682697,17.547460690608787
18.68231216,199.12057300429447,17.549698662405756
19.13283016,199.01507026426248,17.54606157708366
15.425319799999999,199.07653758319987,17.546969179196147
18.9709474,199.15457125391902,17.547819024156578
19.15712776,199.1140386154748,17.546634781146
19.40010376,199.30275347944306,17.547723087029382
19.03563976,199.26815765583638,17.546662579750123
14.321355879999999,199.02137124080036,17.54063926548389
19.60615108,199.030444776668,17.53780910707621
19.18830968,198.96452199971,17.536179887512482
18.21640568,199.20614983352147,17.53916478601758
18.78285228,198.96068648955995,17.53313747881334
18.52184676,199.10467067198505,17.536405451361116
18.510102919999998,199.10705022431188,17.53612687396681
16.5372252,199.10998657546935,17.535431973477316
15.346651159999999,199.11067633839346,17.535010107390352
20.0312702,199.23673448248445,17.53753314629666
16.9318358,199.1391911742929,17.533519108028276
99.9999,199.13775407085328,17.533356856326307
18.97540196,199.06018145395836,17.529190123901245
17.76153712,199.23624690477652,17.53310842033246
18.06171096,199.23585729312492,17.53300096965589
18.622544,198.95995029028848,17.523968860122157
99.9999,198.96528083529458,17.52361844575496
17.5731496,199.03543546754474,17.524407766436997
17.980314,199.00305773218435,17.52346097419855
19.02136492,199.2399248135035,17.528787855153865
18.81467924,198.98800690392252,17.52185989502364
14.61865324,199.084550155628,17.523848848109374
19.31730368,199.09879644273877,17.523479172667113
17.53474968,198.9847653407039,17.520744764919822
18.852597839999998,199.21781602070757,17.525759983971447
19.357582960000002,199.22275266895468,17.52500276055359
13.36763004,199.01258773394173,17.517716068623866
19.02176988,199.15725278803552,17.517906404350043
19.04201788,199.1581259726774,17.51789441279301
19.229716840000002,199.18777468186624,17.516577531595907
18.75863648,198.9539482770337,17.509951618674055
16.336667960000003,198.97917553126817,17.51036577509604
16.26987292,199.03464736991202,17.51110951667692
19.012354560000002,199.2454903751097,17.513564316817163
18.17267,199.30553990866696,17.513478856367716
19.41984556,199.30520259138615,17.513407901640633
18.792665279999998,199.24655108000607,17.51165114978473
18.073758520000002,199.24711548406137,17.511597816144775
19.53424676,199.21734526992253,17.509133077488272
19.23913216,198.95542146575204,17.50270769128709
